Month,State,Total_Claims_Received,Individual_Claims,Community_Claims,Claims_Recommended_SDLC,Claims_Recommended_DLC,Approved_Claims,Pending_Claims,Rejected_Claims,Titles_Distributed,Pending_Rate,Approval_Rate,Rejection_Rate,Disposal_Rate,Workflow_Bottleneck_Rate,SDLC_Dropoff_Rate,DLC_Dropoff_Rate,Rejection_Anomaly_Score,Pending_Backlog_Growth,Individual_vs_Community_Imbalance,Data_Inconsistency_Flag,Risk_Score,Risk_Level
2025-01,Andhra Pradesh,288164,284870,3294,269725,231336,228256,1504,58404,228256,0.005219250149220583,0.79210449605086,0.2026762537999195,0.9947807498507795,0.0,0.06398786801959995,0.14232644359996294,-0.6582417205487106,0.0,86.45523520485584,0,6.16,Low
2025-01,Assam,155011,148965,6046,0,0,0,155011,0,58802,1.0,0.0,0.0,0.0,0.0,1.0,0.0,-1.3260648180313022,0.0,24.63452951876964,1,55.0,High
2025-01,Bihar,8022,8022,0,0,0,0,3807,4215,121,0.47456993268511594,0.0,0.5254300673148841,0.5254300673148841,0.0,1.0,0.0,0.40523980441900637,0.0,8022.0,1,55.0,High
2025-01,Chhattisgarh,941977,888028,53949,804383,793307,529205,12123,400649,527833,0.012869740980936902,0.5618024643913812,0.425327794627682,0.9871302590190631,0.002592568097429163,0.14606938385969084,0.013769560023023857,0.07540042482889042,0.0,16.46020389249305,0,13.2,Low
2025-01,Goa,10136,9758,378,4579,2186,1772,8230,134,871,0.8119573796369376,0.17482241515390687,0.013220205209155485,0.18804262036306235,0.5084650112866818,0.5482438831886346,0.522603188469098,-1.2825039260836475,0.0,25.7467018469657,0,39.02,Medium
2025-01,Gujarat,190056,182869,7187,186192,118987,103080,84644,2332,103080,0.44536347181883235,0.5423664604116681,0.012270067769499515,0.5546365281811677,0.0,0.020330849854779644,0.36094461631004554,-1.2856346516427042,0.0,25.440873678352812,0,11.75,Low
2025-01,Himachal Pradesh,5419,4880,539,2861,1121,659,4706,54,659,0.8684259088392693,0.12160915298025465,0.009964938180476102,0.13157409116073077,0.0,0.4720428123269976,0.6081789584061517,-1.2932301086998494,0.0,9.037037037037036,0,29.04,Low
2025-01,Jammu & Kashmir,46090,33233,12857,0,0,4505,1661,39924,6020,0.0360381861575179,0.09774354523757865,0.8662182686049035,0.9639618138424821,0.0,1.0,0.0,1.528145067882644,0.0,2.5846165811168142,1,52.56,Medium
2025-01,Jharkhand,110756,107032,3724,71636,65731,62051,20598,28107,61970,0.18597638051211673,0.560249557586045,0.25377406190183827,0.8140236194878833,0.001305377834362057,0.353208855502185,0.08243062147523592,-0.4898732223087454,0.0,28.733422818791947,0,16.32,Low
2025-01,Karnataka,294489,288549,5940,113013,17577,16326,24894,253269,16326,0.0845328687998533,0.05543840347177653,0.8600287277283701,0.9154671312001467,0.0,0.6162403349530883,0.8444692203551803,1.5077503828484409,0.0,48.569096111765695,0,32.86,Medium
2025-01,Kerala,45446,44455,991,40480,30801,29842,2627,12977,29400,0.05780486731505523,0.6566474497205474,0.2855476829643973,0.9421951326849448,0.014811339722538704,0.10927254323812877,0.23910573122529644,-0.3851783819492838,0.0,44.81350806451613,0,10.52,Low
2025-01,Madhya Pradesh,627513,585326,42187,627513,627513,305106,0,322407,294877,0.0,0.4862146282228416,0.5137853717771584,1.0,0.03352605324051313,0.0,0.0,0.3668702544720124,0.0,13.874229638759838,0,13.52,Low
2025-01,Maharashtra,409156,397897,11259,374165,174066,208681,27844,172631,208335,0.06805228323671167,0.5100279599956985,0.42191975676758986,0.9319477167632884,0.0016580330744054323,0.0855199483815464,0.534788128232197,0.06417085867403396,0.0,35.33721136767318,0,13.57,Low
2025-01,Odisha,720019,691757,28262,575499,494042,478526,96857,144636,469648,0.13452006127616076,0.6646019063385827,0.2008780323852565,0.8654799387238392,0.01855280590814292,0.2007169255255764,0.1415415144074968,-0.6641669030631124,0.0,24.47571029260871,0,11.77,Low
2025-01,Rajasthan,118375,113162,5213,76333,63849,51766,688,65921,51766,0.005812038014783527,0.4373051742344245,0.556882787750792,0.9941879619852165,0.0,0.3551594508975713,0.16354656570552709,0.5088772695484828,0.0,21.70349060222478,0,19.39,Low
2025-01,Tamil Nadu,34667,33119,1548,27582,16972,16568,5388,12711,16508,0.1554215824847838,0.477918481553062,0.36665993596215424,0.8445784175152162,0.0036214389183969096,0.20437303487466466,0.38467116235225873,-0.11791157083963826,0.0,21.38089089735313,0,16.19,Low
2025-01,Telangana,655249,651822,3427,231456,231456,231456,329367,94426,231456,0.5026592944056382,0.35323365621313424,0.1441070493812276,0.49734070559436183,0.0,0.6467663437868657,0.0,-0.8512286481174174,0.0,190.14644107351225,0,25.87,Low
2025-01,Tripura,200721,200557,164,153257,136437,131793,80,68848,128032,0.00039856317973704794,0.6565979643385595,0.3430034724817035,0.9996014368202629,0.028537175722534582,0.23646753453799055,0.10975028873069419,-0.19586018307614836,0.0,1215.4969696969697,0,12.7,Low
2025-01,Uttar Pradesh,93739,92577,1162,83646,23479,18910,68,74761,18910,0.0007254184490980275,0.2017303363594662,0.7975442451914357,0.999274581550902,0.0,0.10767130009921164,0.7193051670133659,1.3018625203581138,0.0,79.60189165950129,0,21.57,Low
2025-01,Uttarakhand,6678,3587,3091,0,0,0,185,6493,185,0.027702905061395628,0.0,0.9722970949386044,0.9722970949386044,0.0,1.0,0.0,1.8776773344964954,0.0,1.160090556274256,1,55.0,High
2025-01,West Bengal,142081,131962,10119,52610,51897,45130,364,96587,45130,0.0025619189054131093,0.3176357148387188,0.6798023662558681,0.9974380810945869,0.0,0.629718259302792,0.013552556548184757,0.9139002168324388,0.0,13.039723320158103,0,26.5,Low
2025-02,Andhra Pradesh,288381,285087,3294,267906,231553,228473,1498,58410,228473,0.005194516975806312,0.7922609325857113,0.20254455043848243,0.9948054830241937,0.0,0.07099982315062366,0.13569311624226407,-0.675582966679479,-0.003989361702127659,86.52109256449165,0,6.26,Low
2025-02,Assam,155011,148965,6046,0,0,0,155011,0,58802,1.0,0.0,0.0,0.0,0.0,1.0,0.0,-1.3020827253786376,0.0,24.63452951876964,1,55.0,High
2025-02,Bihar,4696,4696,0,4696,4696,200,0,4496,191,0.0,0.04258943781942078,0.9574105621805792,1.0,0.045,0.0,0.0,1.659327418136122,-1.0,4696.0,0,24.84,Low
2025-02,Chhattisgarh,941977,888028,53949,804383,793307,529205,12123,400649,527833,0.012869740980936902,0.5618024643913812,0.425327794627682,0.9871302590190631,0.002592568097429163,0.14606938385969084,0.013769560023023857,0.013518015917142825,0.0,16.46020389249305,0,13.2,Low
2025-02,Goa,10136,9757,379,4660,2505,1988,7970,178,871,0.7863062352012629,0.19613259668508287,0.0175611681136543,0.21369376479873717,0.5618712273641852,0.5402525651144435,0.4624463519313305,-1.2477634777767557,-0.031591737545565005,25.676315789473684,0,39.44,Medium
2025-02,Gujarat,190056,182869,7187,186192,118987,103080,84644,2332,103080,0.44536347181883235,0.5423664604116681,0.012270067769499515,0.5546365281811677,0.0,0.020330849854779644,0.36094461631004554,-1.2641296208385648,0.0,25.440873678352812,0,11.75,Low
2025-02,Himachal Pradesh,5419,4880,539,2861,1121,659,4706,54,659,0.8684259088392693,0.12160915298025465,0.009964938180476102,0.13157409116073077,0.0,0.4720428123269976,0.6081789584061517,-1.2712597219850388,0.0,9.037037037037036,0,29.04,Low
2025-02,Jammu & Kashmir,46090,33233,12857,0,0,4505,1661,39924,6020,0.0360381861575179,0.09774354523757865,0.8662182686049035,0.9639618138424821,0.0,1.0,0.0,1.3772563883468707,0.0,2.5846165811168142,1,52.56,Medium
2025-02,Jharkhand,110756,107032,3724,71636,65731,62051,20598,28107,61970,0.18597638051211673,0.560249557586045,0.25377406190183827,0.8140236194878833,0.001305377834362057,0.353208855502185,0.08243062147523592,-0.5171226353568829,0.0,28.733422818791947,0,16.32,Low
2025-02,Karnataka,294489,288549,5940,113013,17577,16326,24894,253269,16326,0.0845328687998533,0.05543840347177653,0.8600287277283701,0.9154671312001467,0.0,0.6162403349530883,0.8444692203551803,1.3581112380221056,0.0,48.569096111765695,0,32.86,Medium
2025-02,Kerala,45446,44455,991,40480,30801,29842,2627,12977,29400,0.05780486731505523,0.6566474497205474,0.2855476829643973,0.9421951326849448,0.014811339722538704,0.10927254323812877,0.23910573122529644,-0.4188422032958992,0.0,44.81350806451613,0,10.52,Low
2025-02,Madhya Pradesh,627513,585326,42187,627513,627513,305106,0,322407,294877,0.0,0.4862146282228416,0.5137853717771584,1.0,0.03352605324051313,0.0,0.0,0.28713016998045915,0.0,13.874229638759838,0,13.52,Low
2025-02,Maharashtra,409156,397897,11259,374165,174066,208681,27844,172631,208335,0.06805228323671167,0.5100279599956985,0.42191975676758986,0.9319477167632884,0.0016580330744054323,0.0855199483815464,0.534788128232197,0.002976459047984732,0.0,35.33721136767318,0,13.57,Low
2025-02,Odisha,723841,691948,31893,576030,494786,479097,100108,144636,470109,0.13830109098545124,0.6618815458090934,0.19981736320545535,0.8616989090145488,0.018760292800831566,0.20420368561604,0.14104126521188132,-0.6840185535156592,0.033564946260982685,21.695240484103593,0,11.89,Low
2025-02,Rajasthan,118375,113162,5213,76333,63849,51766,688,65921,51766,0.005812038014783527,0.4373051742344245,0.556882787750792,0.9941879619852165,0.0,0.3551594508975713,0.16354656570552709,0.42043674697592076,0.0,21.70349060222478,0,19.39,Low
2025-02,Tamil Nadu,34667,33119,1548,27582,16972,16568,5388,12711,16508,0.1554215824847838,0.477918481553062,0.36665993596215424,0.8445784175152162,0.0036214389183969096,0.20437303487466466,0.38467116235225873,-0.16795020535950403,0.0,21.38089089735313,0,16.19,Low
2025-02,Telangana,655249,651822,3427,231456,231456,231456,329367,94426,231456,0.5026592944056382,0.35323365621313424,0.1441070493812276,0.49734070559436183,0.0,0.6467663437868657,0.0,-0.8563386583635741,0.0,190.14644107351225,0,25.87,Low
2025-02,Tripura,200721,200557,164,153257,136437,131793,80,68848,128032,0.00039856317973704794,0.6565979643385595,0.3430034724817035,0.9996014368202629,0.028537175722534582,0.23646753453799055,0.10975028873069419,-0.24112308821462322,0.0,1215.4969696969697,0,12.7,Low
2025-02,Uttar Pradesh,94166,92972,1194,83646,23479,18910,4520,70736,23430,0.04800033982541469,0.20081558099526367,0.7511840791793216,0.9519996601745853,0.0,0.11171760508038996,0.7193051670133659,1.021438906408894,65.47058823529412,77.80083682008369,1,36.66,Medium
2025-02,Uttarakhand,6678,3587,3091,0,0,0,185,6493,185,0.027702905061395628,0.0,0.9722970949386044,0.9722970949386044,0.0,1.0,0.0,1.705373629503347,0.0,1.160090556274256,1,55.0,High
2025-02,West Bengal,142081,131962,10119,52610,51897,45130,364,96587,45130,0.0025619189054131093,0.3176357148387188,0.6798023662558681,0.9974380810945869,0.0,0.629718259302792,0.013552556548184757,0.80064488442577,0.0,13.039723320158103,0,26.5,Low
2025-03,Andhra Pradesh,288381,285087,3294,267889,246960,228473,1498,58410,228473,0.005194516975806312,0.7922609325857113,0.20254455043848243,0.9948054830241937,0.0,0.07105877294273895,0.07812564159036019,-0.6761556006045638,0.0,86.52109256449165,0,6.26,Low
2025-03,Assam,155011,148965,6046,0,0,0,155011,0,58802,1.0,0.0,0.0,0.0,0.0,1.0,0.0,-1.3026317578752367,0.0,24.63452951876964,1,55.0,High
2025-03,Bihar,4696,4696,0,4696,4696,200,0,4496,191,0.0,0.04258943781942078,0.9574105621805792,1.0,0.045,0.0,0.0,1.6586668237294842,0.0,4696.0,0,24.84,Low
2025-03,Chhattisgarh,947479,890220,57259,843086,841839,534521,6171,406787,534068,0.0065130731129660925,0.564150762180481,0.42933616470655284,0.9934869268870339,0.0008474877507151263,0.11017975068576717,0.0014790899149078505,0.025317426935746998,-0.49096758228161347,15.54697869367796,0,12.57,Low
2025-03,Goa,10136,9757,379,4660,2742,2098,7859,179,871,0.7753551696921863,0.2069850039463299,0.01765982636148382,0.22464483030781374,0.5848427073403241,0.5402525651144435,0.41158798283261805,-1.24800940376569,-0.013927227101631117,25.676315789473684,0,39.63,Medium
2025-03,Gujarat,190056,182869,7187,186192,119410,103503,84222,2331,103503,0.4431430736204066,0.5445921202171992,0.012264806162394242,0.5568569263795934,0.0,0.020330849854779644,0.35867276789550573,-1.2646963574033288,-0.004985586692500354,25.440873678352812,0,11.69,Low
2025-03,Himachal Pradesh,5566,4883,683,2861,1465,808,4704,54,808,0.8451311534315487,0.14516708587854832,0.009701760689902982,0.15486884656845132,0.0,0.48598634567014015,0.4879412792729815,-1.2726239312385181,-0.00042498937526561835,7.138888888888889,0,28.66,Low
2025-03,Jammu & Kashmir,46090,33233,12857,0,0,4505,1661,39924,6020,0.0360381861575179,0.09774354523757865,0.8662182686049035,0.9639618138424821,0.0,1.0,0.0,1.37660642008836,0.0,2.5846165811168142,1,52.56,Medium
2025-03,Jharkhand,110756,107032,3724,71636,65731,62051,20598,28107,61970,0.18597638051211673,0.560249557586045,0.25377406190183827,0.8140236194878833,0.001305377834362057,0.353208855502185,0.08243062147523592,-0.5177012387817569,0.0,28.733422818791947,0,16.32,Low
2025-03,Karnataka,294489,288549,5940,113013,17577,16326,24894,253269,16326,0.0845328687998533,0.05543840347177653,0.8600287277283701,0.9154671312001467,0.0,0.6162403349530883,0.8444692203551803,1.3574619909975458,0.0,48.569096111765695,0,32.86,Medium
2025-03,Kerala,45446,44455,991,40480,30801,29851,2601,12994,29460,0.05723275975883466,0.6568454869515469,0.28592175328961844,0.9427672402411653,0.013098388663696359,0.10927254323812877,0.23910573122529644,-0.41826749878658015,-0.0098972211648268,44.81350806451613,0,10.48,Low
2025-03,Madhya Pradesh,627513,585326,42187,627513,627513,305106,0,322407,294877,0.0,0.4862146282228416,0.5137853717771584,1.0,0.03352605324051313,0.0,0.0,0.2865212688343073,0.0,13.874229638759838,0,13.52,Low
2025-03,Maharashtra,409156,397897,11259,374165,174066,208681,27844,172631,208335,0.06805228323671167,0.5100279599956985,0.42191975676758986,0.9319477167632884,0.0016580330744054323,0.0855199483815464,0.534788128232197,0.0023782625084898036,0.0,35.33721136767318,0,13.57,Low
2025-03,Odisha,724392,691948,32444,576206,494969,479359,100397,144636,470251,0.13859484919767198,0.661739776253741,0.19966537454858696,0.861405150802328,0.019000373415331725,0.20456603606886878,0.14098603624398218,-0.6850609749713549,0.00288688216725936,21.326799198643858,0,11.91,Low
2025-03,Rajasthan,118375,113162,5213,76333,63849,51766,688,65921,51766,0.005812038014783527,0.4373051742344245,0.556882787750792,0.9941879619852165,0.0,0.3551594508975713,0.16354656570552709,0.4198228239193851,0.0,21.70349060222478,0,19.39,Low
2025-03,Tamil Nadu,34667,33119,1548,27582,16972,16568,5388,12711,16508,0.1554215824847838,0.477918481553062,0.36665993596215424,0.8445784175152162,0.0036214389183969096,0.20437303487466466,0.38467116235225873,-0.168541962768911,0.0,21.38089089735313,0,16.19,Low
2025-03,Telangana,655249,651822,3427,231456,231456,231456,329367,94426,231456,0.5026592944056382,0.35323365621313424,0.1441070493812276,0.49734070559436183,0.0,0.6467663437868657,0.0,-0.8569044828805603,0.0,190.14644107351225,0,25.87,Low
2025-03,Tripura,200721,200557,164,153257,136437,131793,80,68848,128032,0.00039856317973704794,0.6565979643385595,0.3430034724817035,0.9996014368202629,0.028537175722534582,0.23646753453799055,0.10975028873069419,-0.24171208906341254,0.0,1215.4969696969697,0,12.7,Low
2025-03,Uttar Pradesh,94166,92972,1194,83646,23479,18910,4520,70736,23430,0.04800033982541469,0.20081558099526367,0.7511840791793216,0.9519996601745853,0.0,0.11171760508038996,0.7193051670133659,1.020802342466566,0.0,77.80083682008369,1,36.66,Medium
2025-03,Uttarakhand,6678,3587,3091,0,0,0,185,6493,185,0.027702905061395628,0.0,0.9722970949386044,0.9722970949386044,0.0,1.0,0.0,1.7047113004490104,0.0,1.160090556274256,1,55.0,High
2025-03,West Bengal,142081,131962,10119,52610,51897,45130,364,96587,45130,0.0025619189054131093,0.3176357148387188,0.6798023662558681,0.9974380810945869,0.0,0.629718259302792,0.013552556548184757,0.800016638211019,0.0,13.039723320158103,0,26.5,Low
2025-04,Andhra Pradesh,288392,285098,3294,267889,246960,228473,1509,58410,228473,0.005232461372021415,0.7922307137507282,0.20253682487725042,0.9947675386279786,0.0,0.07109420510971177,0.07812564159036019,-0.6761501807800349,0.007343124165554072,86.52443095599394,0,6.26,Low
2025-04,Assam,155011,148965,6046,0,0,0,155011,0,58802,1.0,0.0,0.0,0.0,0.0,1.0,0.0,-1.3025960729224315,0.0,24.63452951876964,1,55.0,High
2025-04,Bihar,4696,4696,0,4696,4696,200,0,4496,191,0.0,0.04258943781942078,0.9574105621805792,1.0,0.045,0.0,0.0,1.6586723983062495,0.0,4696.0,0,24.84,Low
2025-04,Chhattisgarh,947479,890220,57259,843086,841839,534521,6171,406787,534068,0.0065130731129660925,0.564150762180481,0.42933616470655284,0.9934869268870339,0.0008474877507151263,0.11017975068576717,0.0014790899149078505,0.025339609349644156,0.0,15.54697869367796,0,12.57,Low
2025-04,Goa,10136,9757,379,4660,2742,2098,7859,179,871,0.7753551696921863,0.2069850039463299,0.01765982636148382,0.22464483030781374,0.5848427073403241,0.5402525651144435,0.41158798283261805,-1.2479742742109905,0.0,25.676315789473684,0,39.63,Medium
2025-04,Gujarat,190056,182869,7187,186192,119410,103503,84222,2331,103503,0.4431430736204066,0.5445921202171992,0.012264806162394242,0.5568569263795934,0.0,0.020330849854779644,0.35867276789550573,-1.2646610581762927,0.0,25.440873678352812,0,11.69,Low
2025-04,Himachal Pradesh,5566,4883,683,2861,1465,808,4704,54,808,0.8451311534315487,0.14516708587854832,0.009701760689902982,0.15486884656845132,0.0,0.48598634567014015,0.4879412792729815,-1.2725885514042004,0.0,7.138888888888889,0,28.66,Low
2025-04,Jammu & Kashmir,46090,33233,12857,0,0,4505,1661,39924,6020,0.0360381861575179,0.09774354523757865,0.8662182686049035,0.9639618138424821,0.0,1.0,0.0,1.3766148626450287,0.0,2.5846165811168142,1,52.56,Medium
2025-04,Jharkhand,110756,107032,3724,71636,65731,62051,20598,28107,61970,0.18597638051211673,0.560249557586045,0.25377406190183827,0.8140236194878833,0.001305377834362057,0.353208855502185,0.08243062147523592,-0.5176735349738596,0.0,28.733422818791947,0,16.32,Low
2025-04,Karnataka,294489,288549,5940,113013,17577,16326,24894,253269,16326,0.0845328687998533,0.05543840347177653,0.8600287277283701,0.9154671312001467,0.0,0.6162403349530883,0.8444692203551803,1.3574706282140716,0.0,48.569096111765695,0,32.86,Medium
2025-04,Kerala,45469,44455,1014,40480,30801,29851,2624,12994,29481,0.057709648331830475,0.6565132287932437,0.2857771228749258,0.9422903516681695,0.012394894643395531,0.10972310805163958,0.23910573122529644,-0.41868814752778033,0.008842752787389465,43.79802955665025,0,10.48,Low
2025-04,Madhya Pradesh,627513,585326,42187,627513,627513,305106,0,322407,294877,0.0,0.4862146282228416,0.5137853717771584,1.0,0.03352605324051313,0.0,0.0,0.2865407953370608,0.0,13.874229638759838,0,13.52,Low
2025-04,Maharashtra,409156,397897,11259,374165,174066,208681,27844,172631,208335,0.06805228323671167,0.5100279599956985,0.42191975676758986,0.9319477167632884,0.0016580330744054323,0.0855199483815464,0.534788128232197,0.0024006781669747347,0.0,35.33721136767318,0,13.57,Low
2025-04,Odisha,724392,691948,32444,576206,494969,479359,100397,144636,470251,0.13859484919767198,0.661739776253741,0.19966537454858696,0.861405150802328,0.019000373415331725,0.20456603606886878,0.14098603624398218,-0.6850315694557602,0.0,21.326799198643858,0,11.91,Low
2025-04,Rajasthan,118375,113162,5213,76333,63849,51766,688,65921,51766,0.005812038014783527,0.4373051742344245,0.556882787750792,0.9941879619852165,0.0,0.3551594508975713,0.16354656570552709,0.4198409950167853,0.0,21.70349060222478,0,19.39,Low
2025-04,Tamil Nadu,34667,33119,1548,27582,16972,16568,5388,12711,16508,0.1554215824847838,0.477918481553062,0.36665993596215424,0.8445784175152162,0.0036214389183969096,0.20437303487466466,0.38467116235225873,-0.1685178091998054,0.0,21.38089089735313,0,16.19,Low
2025-04,Telangana,655249,651822,3427,231456,231456,231456,329367,94426,231456,0.5026592944056382,0.35323365621313424,0.1441070493812276,0.49734070559436183,0.0,0.6467663437868657,0.0,-0.8568733300664407,0.0,190.14644107351225,0,25.87,Low
2025-04,Tripura,200721,200557,164,153257,136437,131793,80,68848,128032,0.00039856317973704794,0.6565979643385595,0.3430034724817035,0.9996014368202629,0.028537175722534582,0.23646753453799055,0.10975028873069419,-0.2416871915031298,0.0,1215.4969696969697,0,12.7,Low
2025-04,Uttar Pradesh,94166,92972,1194,83646,23479,18910,4520,70736,23430,0.04800033982541469,0.20081558099526367,0.7511840791793216,0.9519996601745853,0.0,0.11171760508038996,0.7193051670133659,1.020814402826127,0.0,77.80083682008369,1,36.66,Medium
2025-04,Uttarakhand,6678,3587,3091,0,0,0,185,6493,185,0.027702905061395628,0.0,0.9722970949386044,0.9722970949386044,0.0,1.0,0.0,1.7047164068472147,0.0,1.160090556274256,1,55.0,High
2025-04,West Bengal,142081,131962,10119,52610,51897,45130,364,96587,45130,0.0025619189054131093,0.3176357148387188,0.6798023662558681,0.9974380810945869,0.0,0.629718259302792,0.013552556548184757,0.8000309435115733,0.0,13.039723320158103,0,26.5,Low
2025-05,Andhra Pradesh,288392,285098,3294,267889,246960,228473,1509,58410,228473,0.005232461372021415,0.7922307137507282,0.20253682487725042,0.9947675386279786,0.0,0.07109420510971177,0.07812564159036019,-0.6820425120525493,0.0,86.52443095599394,0,6.26,Low
2025-05,Assam,155011,148965,6046,0,0,0,155011,0,58802,1.0,0.0,0.0,0.0,0.0,1.0,0.0,-1.3112425253704236,0.0,24.63452951876964,1,55.0,High
2025-05,Bihar,4696,4696,0,4696,4696,200,0,4496,191,0.0,0.04258943781942078,0.9574105621805792,1.0,0.045,0.0,0.0,1.6630449348965504,0.0,4696.0,0,24.84,Low
2025-05,Chhattisgarh,947479,890220,57259,843086,841839,534521,6171,406787,534068,0.0065130731129660925,0.564150762180481,0.42933616470655284,0.9934869268870339,0.0008474877507151263,0.11017975068576717,0.0014790899149078505,0.022531323977359484,0.0,15.54697869367796,0,12.57,Low
2025-05,Goa,10136,9757,379,4863,3423,2161,7528,447,871,0.7426992896606156,0.21320047355958957,0.04410023677979479,0.2573007103393844,0.5969458583988894,0.5202249408050513,0.2961135101789019,-1.1742409228915403,-0.04211731772490139,25.676315789473684,0,39.41,Medium
2025-05,Gujarat,190242,183055,7187,186192,119410,103524,84387,2331,103524,0.4435771280789731,0.5441700570851863,0.012252814835840667,0.5564228719210269,0.0,0.02128867442520579,0.35867276789550573,-1.273177984452668,0.0019591080715252547,25.466750139120755,0,11.72,Low
2025-05,Himachal Pradesh,5566,4883,683,2861,1465,808,4704,54,808,0.8451311534315487,0.14516708587854832,0.009701760689902982,0.15486884656845132,0.0,0.48598634567014015,0.4879412792729815,-1.281103078092165,0.0,7.138888888888889,0,28.66,Low
2025-05,Jammu & Kashmir,46090,33233,12857,0,0,4505,1661,39924,6020,0.0360381861575179,0.09774354523757865,0.8662182686049035,0.9639618138424821,0.0,1.0,0.0,1.3797473549770598,0.0,2.5846165811168142,1,52.56,Medium
2025-05,Jharkhand,110756,107032,3724,71636,65731,62051,20598,28107,61970,0.18597638051211673,0.560249557586045,0.25377406190183827,0.8140236194878833,0.001305377834362057,0.353208855502185,0.08243062147523592,-0.522869135863897,0.0,28.733422818791947,0,16.32,Low
2025-05,Karnataka,294489,288549,5940,113013,17577,16326,24894,253269,16326,0.0845328687998533,0.05543840347177653,0.8600287277283701,0.9154671312001467,0.0,0.6162403349530883,0.8444692203551803,1.3605189543920966,0.0,48.569096111765695,0,32.86,Medium
2025-05,Kerala,45469,44455,1014,40503,31047,30099,2535,12835,29704,0.05575227077789263,0.6619674943368009,0.28228023488530646,0.9442477292221074,0.013123359580052493,0.1092172689084871,0.23346418783793793,-0.43431198369312435,-0.03391768292682927,43.79802955665025,0,10.35,Low
2025-05,Madhya Pradesh,627513,585326,42187,627513,627513,305106,0,322407,294877,0.0,0.4862146282228416,0.5137853717771584,1.0,0.03352605324051313,0.0,0.0,0.2848808608860785,0.0,13.874229638759838,0,13.52,Low
2025-05,Maharashtra,409156,397897,11259,374165,174066,208681,27844,172631,208335,0.06805228323671167,0.5100279599956985,0.42191975676758986,0.9319477167632884,0.0016580330744054323,0.0855199483815464,0.534788128232197,-0.0005084564516781369,0.0,35.33721136767318,0,13.57,Low
2025-05,Odisha,736172,701148,35024,578061,496949,481697,109839,144636,470899,0.1492029036692512,0.6543267062588635,0.19647039007188538,0.8507970963307488,0.022416581377920144,0.2147745363855186,0.14031737135008243,-0.7008884718558642,0.09404663485960736,20.018501070663813,0,12.31,Low
2025-05,Rajasthan,118375,113162,5213,76333,63849,51766,688,65921,51766,0.005812038014783527,0.4373051742344245,0.556882787750792,0.9941879619852165,0.0,0.3551594508975713,0.16354656570552709,0.41876710463958217,0.0,21.70349060222478,0,19.39,Low
2025-05,Tamil Nadu,34667,33119,1548,27582,16972,16568,5388,12711,16508,0.1554215824847838,0.477918481553062,0.36665993596215424,0.8445784175152162,0.0036214389183969096,0.20437303487466466,0.38467116235225873,-0.1721783738002682,0.0,21.38089089735313,0,16.19,Low
2025-05,Telangana,655249,651822,3427,231456,231456,231456,329367,94426,231456,0.5026592944056382,0.35323365621313424,0.1441070493812276,0.49734070559436183,0.0,0.6467663437868657,0.0,-0.8635601967626715,0.0,190.14644107351225,0,25.87,Low
2025-05,Tripura,200721,200557,164,153257,136437,131793,80,68848,128032,0.00039856317973704794,0.6565979643385595,0.3430034724817035,0.9996014368202629,0.028537175722534582,0.23646753453799055,0.10975028873069419,-0.24566943966433724,0.0,1215.4969696969697,0,12.7,Low
2025-05,Uttar Pradesh,94166,92972,1194,83646,23479,18910,4520,70736,23430,0.04800033982541469,0.20081558099526367,0.7511840791793216,0.9519996601745853,0.0,0.11171760508038996,0.7193051670133659,1.022382645806501,0.0,77.80083682008369,1,36.66,Medium
2025-05,Uttarakhand,6678,3587,3091,0,0,0,185,6493,185,0.027702905061395628,0.0,0.9722970949386044,0.9722970949386044,0.0,1.0,0.0,1.7092913723791323,0.0,1.160090556274256,1,55.0,High
2025-05,West Bengal,142081,131962,10119,52610,51897,45130,364,96587,45130,0.0025619189054131093,0.3176357148387188,0.6798023662558681,0.9974380810945869,0.0,0.629718259302792,0.013552556548184757,0.8006285289968302,0.0,13.039723320158103,0,26.5,Low
2025-06,Andhra Pradesh,288392,285098,3294,267889,246960,228473,1509,58410,228473,0.005232461372021415,0.7922307137507282,0.20253682487725042,0.9947675386279786,0.0,0.07109420510971177,0.07812564159036019,-0.6860247392949217,0.0,86.52443095599394,0,6.26,Low
2025-06,Assam,155011,148965,6046,0,0,0,155011,0,58802,1.0,0.0,0.0,0.0,0.0,1.0,0.0,-1.3170239720282386,0.0,24.63452951876964,1,55.0,High
2025-06,Bihar,4696,4696,0,4696,4696,200,0,4496,191,0.0,0.04258943781942078,0.9574105621805792,1.0,0.045,0.0,0.0,1.6657685671204108,0.0,4696.0,0,24.84,Low
2025-06,Chhattisgarh,947479,890220,57259,843086,841839,534521,6171,406787,534068,0.0065130731129660925,0.564150762180481,0.42933616470655284,0.9934869268870339,0.0008474877507151263,0.11017975068576717,0.0014790899149078505,0.02056385022921106,0.0,15.54697869367796,0,12.57,Low
2025-06,Goa,10136,9757,379,4883,3521,2267,7221,648,871,0.7124112075769534,0.22365824782951854,0.06393054459352802,0.2875887924230466,0.615791795324217,0.5182517758484609,0.27892688920745445,-1.1178497003312875,-0.04078108395324123,25.676315789473684,0,39.5,Medium
2025-06,Gujarat,190242,183055,7187,186192,119410,103524,84387,2331,103524,0.4435771280789731,0.5441700570851863,0.012252814835840667,0.5564228719210269,0.0,0.02128867442520579,0.35867276789550573,-1.2788505842261704,0.0,25.466750139120755,0,11.72,Low
2025-06,Himachal Pradesh,5566,4883,683,2861,1465,808,4704,54,808,0.8451311534315487,0.14516708587854832,0.009701760689902982,0.15486884656845132,0.0,0.48598634567014015,0.4879412792729815,-1.2867983399477456,0.0,7.138888888888889,0,28.66,Low
2025-06,Jammu & Kashmir,46090,33233,12857,0,0,4505,1661,39924,6020,0.0360381861575179,0.09774354523757865,0.8662182686049035,0.9639618138424821,0.0,1.0,0.0,1.381660887875825,0.0,2.5846165811168142,1,52.56,Medium
2025-06,Jharkhand,110756,107032,3724,71636,65731,62051,20598,28107,61970,0.18597638051211673,0.560249557586045,0.25377406190183827,0.8140236194878833,0.001305377834362057,0.353208855502185,0.08243062147523592,-0.5263962012772828,0.0,28.733422818791947,0,16.32,Low
2025-06,Karnataka,294489,288549,5940,113013,17577,16326,24894,253269,16326,0.0845328687998533,0.05543840347177653,0.8600287277283701,0.9154671312001467,0.0,0.6162403349530883,0.8444692203551803,1.3623775030077592,0.0,48.569096111765695,0,32.86,Medium
2025-06,Kerala,45469,44455,1014,40503,31047,30099,2535,12835,29704,0.05575227077789263,0.6619674943368009,0.28228023488530646,0.9442477292221074,0.013123359580052493,0.1092172689084871,0.23346418783793793,-0.4375858168366603,0.0,43.79802955665025,0,10.35,Low
2025-06,Madhya Pradesh,627513,585326,42187,627513,627513,305106,0,322407,294877,0.0,0.4862146282228416,0.5137853717771584,1.0,0.03352605324051313,0.0,0.0,0.2836635848023413,0.0,13.874229638759838,0,13.52,Low
2025-06,Maharashtra,409156,397897,11259,374165,174066,208681,27844,172631,208335,0.06805228323671167,0.5100279599956985,0.42191975676758986,0.9319477167632884,0.0016580330744054323,0.0855199483815464,0.534788128232197,-0.002541813256721089,0.0,35.33721136767318,0,13.57,Low
2025-06,Odisha,766365,730908,35457,579793,497456,482164,138334,145867,471868,0.18050667762750125,0.6291571248686983,0.1903361975038004,0.8194933223724987,0.021353730266050554,0.24345057511760063,0.14201102807381255,-0.724035538151761,0.25942515864128407,20.61334536634892,0,13.35,Low
2025-06,Rajasthan,118375,113162,5213,76333,63849,51766,688,65921,51766,0.005812038014783527,0.4373051742344245,0.556882787750792,0.9941879619852165,0.0,0.3551594508975713,0.16354656570552709,0.4179326809463777,0.0,21.70349060222478,0,19.39,Low
2025-06,Tamil Nadu,34667,33119,1548,27582,16972,16568,5388,12711,16508,0.1554215824847838,0.477918481553062,0.36665993596215424,0.8445784175152162,0.0036214389183969096,0.20437303487466466,0.38467116235225873,-0.174702626730237,0.0,21.38089089735313,0,16.19,Low
2025-06,Telangana,655249,651822,3427,231456,231456,231456,329367,94426,231456,0.5026592944056382,0.35323365621313424,0.1441070493812276,0.49734070559436183,0.0,0.6467663437868657,0.0,-0.8680614801647132,0.0,190.14644107351225,0,25.87,Low
2025-06,Tripura,200721,200557,164,153257,136437,131793,80,68848,128032,0.00039856317973704794,0.6565979643385595,0.3430034724817035,0.9996014368202629,0.028537175722534582,0.23646753453799055,0.10975028873069419,-0.2484038428641176,0.0,1215.4969696969697,0,12.7,Low
2025-06,Uttar Pradesh,94166,92972,1194,83646,23479,18910,4520,70736,23430,0.04800033982541469,0.20081558099526367,0.7511840791793216,0.9519996601745853,0.0,0.11171760508038996,0.7193051670133659,1.0232742818369822,0.0,77.80083682008369,1,36.66,Medium
2025-06,Uttarakhand,6678,3587,3091,0,0,0,185,6493,185,0.027702905061395628,0.0,0.9722970949386044,0.9722970949386044,0.0,1.0,0.0,1.7121472479063184,0.0,1.160090556274256,1,55.0,High
2025-06,West Bengal,142081,131962,10119,52610,51897,45130,364,96587,45130,0.0025619189054131093,0.3176357148387188,0.6798023662558681,0.9974380810945869,0.0,0.629718259302792,0.013552556548184757,0.800886051384633,0.0,13.039723320158103,0,26.5,Low
2025-07,Andhra Pradesh,288392,285098,3294,267889,246960,228473,1509,58410,228473,0.005232461372021415,0.7922307137507282,0.20253682487725042,0.9947675386279786,0.0,0.07109420510971177,0.07812564159036019,-0.6938193808793239,0.0,86.52443095599394,0,6.26,Low
2025-07,Assam,155011,148965,6046,0,0,0,155011,0,58802,1.0,0.0,0.0,0.0,0.0,1.0,0.0,-1.3239879060339141,0.0,24.63452951876964,1,55.0,High
2025-07,Bihar,4696,4696,0,4696,4696,200,0,4496,191,0.0,0.04258943781942078,0.9574105621805792,1.0,0.045,0.0,0.0,1.6548778004983038,0.0,4696.0,0,24.84,Low
2025-07,Chhattisgarh,947479,890220,57259,843086,841839,534521,6171,406787,534068,0.0065130731129660925,0.564150762180481,0.42933616470655284,0.9934869268870339,0.0008474877507151263,0.11017975068576717,0.0014790899149078505,0.011838988026604618,0.0,15.54697869367796,0,12.57,Low
2025-07,Goa,10136,9757,379,4883,3521,2309,6876,951,871,0.6783741120757696,0.22780189423835834,0.09382399368587215,0.32162588792423047,0.6227804244261586,0.5182517758484609,0.27892688920745445,-1.0320660406596893,-0.04777731616119651,25.676315789473684,0,39.53,Medium
2025-07,Gujarat,190242,183055,7187,186192,119410,103524,84387,2331,103524,0.4435771280789731,0.5441700570851863,0.012252814835840667,0.5564228719210269,0.0,0.02128867442520579,0.35867276789550573,-1.285864773320771,0.0,25.466750139120755,0,11.72,Low
2025-07,Himachal Pradesh,5664,4981,683,3076,1558,901,4709,54,901,0.8313912429378532,0.15907485875706215,0.009533898305084746,0.1686087570621469,0.0,0.4569209039548023,0.49349804941482445,-1.2943243491102274,0.0010629251700680273,7.2821637426900585,0,27.88,Low
2025-07,Jammu & Kashmir,46090,33233,12857,0,0,4505,1661,39924,6020,0.0360381861575179,0.09774354523757865,0.8662182686049035,0.9639618138424821,0.0,1.0,0.0,1.3711441477026893,0.0,2.5846165811168142,1,52.56,Medium
2025-07,Jharkhand,110756,107032,3724,71636,65731,62051,20598,28107,61970,0.18597638051211673,0.560249557586045,0.25377406190183827,0.8140236194878833,0.001305377834362057,0.353208855502185,0.08243062147523592,-0.5344009930955259,0.0,28.733422818791947,0,16.32,Low
2025-07,Karnataka,295176,289236,5940,154073,18303,16700,16097,262379,16700,0.054533566414613655,0.05657641542672846,0.8888900181586579,0.9454664335853864,0.0,0.4780300566441716,0.8812056622510109,1.4416845197442794,-0.35337832409415926,48.684733209897324,0,30.76,Medium
2025-07,Kerala,45469,44455,1014,40503,31047,30099,2535,12835,29704,0.05575227077789263,0.6619674943368009,0.28228023488530646,0.9442477292221074,0.013123359580052493,0.1092172689084871,0.23346418783793793,-0.44570752711628553,0.0,43.79802955665025,0,10.35,Low
2025-07,Madhya Pradesh,627513,585326,42187,627513,627513,305106,0,322407,294877,0.0,0.4862146282228416,0.5137853717771584,1.0,0.03352605324051313,0.0,0.0,0.2745923530130015,0.0,13.874229638759838,0,13.52,Low
2025-07,Maharashtra,409156,397897,11259,374165,174066,208681,27844,172631,208335,0.06805228323671167,0.5100279599956985,0.42191975676758986,0.9319477167632884,0.0016580330744054323,0.0855199483815464,0.534788128232197,-0.011236256959948171,0.0,35.33721136767318,0,13.57,Low
2025-07,Odisha,768373,732530,35843,580069,497834,482535,139498,146340,472119,0.181549846233535,0.6279957780921506,0.19045437567431442,0.818450153766465,0.021585998943081847,0.2450684758574286,0.14176761730070042,-0.7314124417910073,0.008414417279916724,20.436614217163264,0,13.41,Low
2025-07,Rajasthan,118375,113162,5213,76333,63849,51766,688,65921,51766,0.005812038014783527,0.4373051742344245,0.556882787750792,0.9941879619852165,0.0,0.3551594508975713,0.16354656570552709,0.4086846845114257,0.0,21.70349060222478,0,19.39,Low
2025-07,Tamil Nadu,34667,33119,1548,27582,16972,16568,5388,12711,16508,0.1554215824847838,0.477918481553062,0.36665993596215424,0.8445784175152162,0.0036214389183969096,0.20437303487466466,0.38467116235225873,-0.1831704215168042,0.0,21.38089089735313,0,16.19,Low
2025-07,Telangana,655249,651822,3427,231456,231456,231456,329367,94426,231456,0.5026592944056382,0.35323365621313424,0.1441070493812276,0.49734070559436183,0.0,0.6467663437868657,0.0,-0.8756164712196017,0.0,190.14644107351225,0,25.87,Low
2025-07,Tripura,200721,200557,164,153257,136437,131793,80,68848,128032,0.00039856317973704794,0.6565979643385595,0.3430034724817035,0.9996014368202629,0.028537175722534582,0.23646753453799055,0.10975028873069419,-0.25677461033967114,0.0,1215.4969696969697,0,12.7,Low
2025-07,Uttar Pradesh,94166,92972,1194,83646,23479,18910,4520,70736,23430,0.04800033982541469,0.20081558099526367,0.7511840791793216,0.9519996601745853,0.0,0.11171760508038996,0.7193051670133659,1.0132293559772507,0.0,77.80083682008369,1,36.66,Medium
2025-07,Uttarakhand,6678,3587,3091,0,0,0,185,6493,185,0.027702905061395628,0.0,0.9722970949386044,0.9722970949386044,0.0,1.0,0.0,1.7011954239649287,0.0,1.160090556274256,1,55.0,High
2025-07,West Bengal,142081,131962,10119,52610,51897,45130,364,96587,45130,0.0025619189054131093,0.3176357148387188,0.6798023662558681,0.9974380810945869,0.0,0.629718259302792,0.013552556548184757,0.7911338986042857,0.0,13.039723320158103,0,26.5,Low
2025-08,Andhra Pradesh,288409,285115,3294,267911,231555,228489,1525,58395,228489,0.005287629720293056,0.7922394932196984,0.20247287706000852,0.9947123702797069,0.0,0.07107267803709316,0.1357017815617873,-0.6939853416490411,0.010603048376408217,86.52959028831563,0,6.26,Low
2025-08,Assam,155011,148965,6046,0,0,0,155011,0,58802,1.0,0.0,0.0,0.0,0.0,1.0,0.0,-1.3239446375224582,0.0,24.63452951876964,1,55.0,High
2025-08,Bihar,4696,4696,0,4696,4696,200,0,4496,191,0.0,0.04258943781942078,0.9574105621805792,1.0,0.045,0.0,0.0,1.6548725372554534,0.0,4696.0,0,24.84,Low
2025-08,Chhattisgarh,947479,890220,57259,843086,841839,534521,6171,406787,534068,0.0065130731129660925,0.564150762180481,0.42933616470655284,0.9934869268870339,0.0008474877507151263,0.11017975068576717,0.0014790899149078505,0.011860493213021695,0.0,15.54697869367796,0,12.57,Low
2025-08,Goa,10136,9757,379,4883,3521,2309,6876,951,871,0.6783741120757696,0.22780189423835834,0.09382399368587215,0.32162588792423047,0.6227804244261586,0.5182517758484609,0.27892688920745445,-1.032027528146537,0.0,25.676315789473684,0,39.53,Medium
2025-08,Gujarat,190242,183055,7187,186192,119410,103524,84387,2331,103524,0.4435771280789731,0.5441700570851863,0.012252814835840667,0.5564228719210269,0.0,0.02128867442520579,0.35867276789550573,-1.2858221259123432,0.0,25.466750139120755,0,11.72,Low
2025-08,Himachal Pradesh,5664,4981,683,3076,1558,901,4709,54,901,0.8313912429378532,0.15907485875706215,0.009533898305084746,0.1686087570621469,0.0,0.4569209039548023,0.49349804941482445,-1.2942815638781797,0.0,7.2821637426900585,0,27.88,Low
2025-08,Jammu & Kashmir,46090,33233,12857,0,0,4505,1661,39924,6020,0.0360381861575179,0.09774354523757865,0.8662182686049035,0.9639618138424821,0.0,1.0,0.0,1.371143507055579,0.0,2.5846165811168142,1,52.56,Medium
2025-08,Jharkhand,110756,107032,3724,71636,65731,62051,20598,28107,61970,0.18597638051211673,0.560249557586045,0.25377406190183827,0.8140236194878833,0.001305377834362057,0.353208855502185,0.08243062147523592,-0.5343705885537273,0.0,28.733422818791947,0,16.32,Low
2025-08,Karnataka,295176,289236,5940,154073,18303,16700,16097,262379,16700,0.054533566414613655,0.05657641542672846,0.8888900181586579,0.9454664335853864,0.0,0.4780300566441716,0.8812056622510109,1.4416827298516706,0.0,48.684733209897324,0,30.76,Medium
2025-08,Kerala,45469,44455,1014,40503,31047,30099,2535,12835,29704,0.05575227077789263,0.6619674943368009,0.28228023488530646,0.9442477292221074,0.013123359580052493,0.1092172689084871,0.23346418783793793,-0.4456785675706444,0.0,43.79802955665025,0,10.35,Low
2025-08,Madhya Pradesh,627513,585326,42187,627513,627513,305106,0,322407,294877,0.0,0.4862146282228416,0.5137853717771584,1.0,0.03352605324051313,0.0,0.0,0.27460957741504993,0.0,13.874229638759838,0,13.52,Low
2025-08,Maharashtra,409156,397897,11259,374165,174066,208681,27844,172631,208335,0.06805228323671167,0.5100279599956985,0.42191975676758986,0.9319477167632884,0.0016580330744054323,0.0855199483815464,0.534788128232197,-0.011214375831064874,0.0,35.33721136767318,0,13.57,Low
2025-08,Odisha,768706,732647,36059,580866,498716,483233,139133,146340,472478,0.1809963757275213,0.6286317525816112,0.1903718716908675,0.8190036242724786,0.022256344248012865,0.2443587015061675,0.14142676624212813,-0.7316355243915187,-0.002616524968099901,20.317443150305046,0,13.39,Low
2025-08,Rajasthan,118375,113162,5213,76333,63849,51766,688,65921,51766,0.005812038014783527,0.4373051742344245,0.556882787750792,0.9941879619852165,0.0,0.3551594508975713,0.16354656570552709,0.4086997242778686,0.0,21.70349060222478,0,19.39,Low
2025-08,Tamil Nadu,34667,33119,1548,27582,16972,16568,5388,12711,16508,0.1554215824847838,0.477918481553062,0.36665993596215424,0.8445784175152162,0.0036214389183969096,0.20437303487466466,0.38467116235225873,-0.18314573923222835,0.0,21.38089089735313,0,16.19,Low
2025-08,Telangana,655249,651822,3427,231456,231456,231456,329367,94426,231456,0.5026592944056382,0.35323365621313424,0.1441070493812276,0.49734070559436183,0.0,0.6467663437868657,0.0,-0.8755805075867324,0.0,190.14644107351225,0,25.87,Low
2025-08,Tripura,200721,200557,164,153257,136437,131793,80,68848,128032,0.00039856317973704794,0.6565979643385595,0.3430034724817035,0.9996014368202629,0.028537175722534582,0.23646753453799055,0.10975028873069419,-0.2567487288938172,0.0,1215.4969696969697,0,12.7,Low
2025-08,Uttar Pradesh,94166,92972,1194,83646,23479,18910,4520,70736,23430,0.04800033982541469,0.20081558099526367,0.7511840791793216,0.9519996601745853,0.0,0.11171760508038996,0.7193051670133659,1.0132345464868446,0.0,77.80083682008369,1,36.66,Medium
2025-08,Uttarakhand,6678,3587,3091,0,0,0,185,6493,185,0.027702905061395628,0.0,0.9722970949386044,0.9722970949386044,0.0,1.0,0.0,1.7011894061142028,0.0,1.160090556274256,1,55.0,High
2025-08,West Bengal,142081,131962,10119,52610,51897,45130,364,96587,45130,0.0025619189054131093,0.3176357148387188,0.6798023662558681,0.9974380810945869,0.0,0.629718259302792,0.013552556548184757,0.7911427074986043,0.0,13.039723320158103,0,26.5,Low
2025-09,Andhra Pradesh,288409,285115,3294,267911,231555,228489,1525,58395,228489,0.005287629720293056,0.7922394932196984,0.20247287706000852,0.9947123702797069,0.0,0.07107267803709316,0.1357017815617873,-0.7002502088787508,0.0,86.52959028831563,0,6.26,Low
2025-09,Assam,155011,148965,6046,0,0,0,155011,0,58802,1.0,0.0,0.0,0.0,0.0,1.0,0.0,-1.332519468696095,0.0,24.63452951876964,1,55.0,High
2025-09,Bihar,4696,4696,0,4696,4696,200,0,4496,191,0.0,0.04258943781942078,0.9574105621805792,1.0,0.045,0.0,0.0,1.65722057096271,0.0,4696.0,0,24.84,Low
2025-09,Chhattisgarh,947479,890220,57259,843086,841839,534521,6171,406787,534068,0.0065130731129660925,0.564150762180481,0.42933616470655284,0.9934869268870339,0.0008474877507151263,0.11017975068576717,0.0014790899149078505,0.008183854205648124,0.0,15.54697869367796,0,12.57,Low
2025-09,Goa,10346,9958,388,5562,4026,2544,6601,1201,1046,0.6380243572395129,0.2458921322250145,0.11608351053547265,0.36197564276048716,0.5888364779874213,0.4624009278948386,0.2761596548004315,-0.9700213585837504,-0.03999418266433973,25.59897172236504,0,37.57,Medium
2025-09,Gujarat,190242,183055,7187,186192,119410,103524,84387,2331,103524,0.4435771280789731,0.5441700570851863,0.012252814835840667,0.5564228719210269,0.0,0.02128867442520579,0.35867276789550573,-1.2942571676934778,0.0,25.466750139120755,0,11.72,Low
2025-09,Himachal Pradesh,5664,4981,683,3076,1558,901,4709,54,901,0.8313912429378532,0.15907485875706215,0.009533898305084746,0.1686087570621469,0.0,0.4569209039548023,0.49349804941482445,-1.302747625118532,0.0,7.2821637426900585,0,27.88,Low
2025-09,Jammu & Kashmir,46090,33233,12857,0,0,4505,1661,39924,6020,0.0360381861575179,0.09774354523757865,0.8662182686049035,0.9639618138424821,0.0,1.0,0.0,1.372451150004416,0.0,2.5846165811168142,1,52.56,Medium
2025-09,Jharkhand,110756,107032,3724,71636,65731,62051,20598,28107,61970,0.18597638051211673,0.560249557586045,0.25377406190183827,0.8140236194878833,0.001305377834362057,0.353208855502185,0.08243062147523592,-0.5400501730088447,0.0,28.733422818791947,0,16.32,Low
2025-09,Karnataka,295176,289236,5940,154073,18303,16700,16097,262379,16700,0.054533566414613655,0.05657641542672846,0.8888900181586579,0.9454664335853864,0.0,0.4780300566441716,0.8812056622510109,1.4432490292920603,0.0,48.684733209897324,0,30.76,Medium
2025-09,Kerala,45469,44455,1014,40503,31109,30103,2402,12964,29704,0.052827200950097866,0.662055466361697,0.28511733268820516,0.9471727990499021,0.013254492907683619,0.1092172689084871,0.23193343702935584,-0.4421734257224546,-0.052465483234714005,43.79802955665025,0,10.35,Low
2025-09,Madhya Pradesh,627513,585326,42187,627513,627513,305106,0,322407,294877,0.0,0.4862146282228416,0.5137853717771584,1.0,0.03352605324051313,0.0,0.0,0.27189639892771694,0.0,13.874229638759838,0,13.52,Low
2025-09,Maharashtra,409156,397897,11259,374165,174066,208681,27844,172631,208335,0.06805228323671167,0.5100279599956985,0.42191975676758986,0.9319477167632884,0.0016580330744054323,0.0855199483815464,0.534788128232197,-0.01497562683774037,0.0,35.33721136767318,0,13.57,Low
2025-09,Odisha,769026,732733,36293,581248,499037,483621,139065,146340,472636,0.18083263764814195,0.6288747064468562,0.1902926559050019,0.819167362351858,0.022714067420562797,0.2441763997576155,0.1414387662409161,-0.7382858190103988,-0.0004887409888380183,20.18881908855458,0,13.4,Low
2025-09,Rajasthan,118375,113162,5213,76333,63849,51766,688,65921,51766,0.005812038014783527,0.4373051742344245,0.556882787750792,0.9941879619852165,0.0,0.3551594508975713,0.16354656570552709,0.4064782337559613,0.0,21.70349060222478,0,19.39,Low
2025-09,Tamil Nadu,34667,33119,1548,27582,16972,16568,5388,12711,16508,0.1554215824847838,0.477918481553062,0.36665993596215424,0.8445784175152162,0.0036214389183969096,0.20437303487466466,0.38467116235225873,-0.18753743613102503,0.0,21.38089089735313,0,16.19,Low
2025-09,Telangana,655249,651822,3427,231456,231456,231456,329367,94426,231456,0.5026592944056382,0.35323365621313424,0.1441070493812276,0.49734070559436183,0.0,0.6467663437868657,0.0,-0.8825112563876093,0.0,190.14644107351225,0,25.87,Low
2025-09,Tripura,200721,200557,164,153257,136437,131793,80,68848,128032,0.00039856317973704794,0.6565979643385595,0.3430034724817035,0.9996014368202629,0.028537175722534582,0.23646753453799055,0.10975028873069419,-0.2614103166465107,0.0,1215.4969696969697,0,12.7,Low
2025-09,Uttar Pradesh,94166,92972,1194,83646,23479,18910,4520,70736,23430,0.04800033982541469,0.20081558099526367,0.7511840791793216,0.9519996601745853,0.0,0.11171760508038996,0.7193051670133659,1.0132297922704394,0.0,77.80083682008369,1,36.66,Medium
2025-09,Uttarakhand,6678,3587,3091,0,0,0,185,6493,185,0.027702905061395628,0.0,0.9722970949386044,0.9722970949386044,0.0,1.0,0.0,1.703707276662919,0.0,1.160090556274256,1,55.0,High
2025-09,West Bengal,142081,131962,10119,52610,51897,45130,364,96587,45130,0.0025619189054131093,0.3176357148387188,0.6798023662558681,0.9974380810945869,0.0,0.629718259302792,0.013552556548184757,0.7903235766333205,0.0,13.039723320158103,0,26.5,Low
2025-10,Andhra Pradesh,288409,285115,3294,267911,231555,228489,1525,58395,228489,0.005287629720293056,0.7922394932196984,0.20247287706000852,0.9947123702797069,0.0,0.07107267803709316,0.1357017815617873,-0.7002296668845077,0.0,86.52959028831563,0,6.26,Low
2025-10,Assam,155011,148965,6046,0,0,0,155011,0,58802,1.0,0.0,0.0,0.0,0.0,1.0,0.0,-1.3324924000779415,0.0,24.63452951876964,1,55.0,High
2025-10,Bihar,4696,4696,0,4696,4696,200,0,4496,191,0.0,0.04258943781942078,0.9574105621805792,1.0,0.045,0.0,0.0,1.657216777873567,0.0,4696.0,0,24.84,Low
2025-10,Chhattisgarh,947479,890220,57259,843086,841839,534521,6171,406787,534068,0.0065130731129660925,0.564150762180481,0.42933616470655284,0.9934869268870339,0.0008474877507151263,0.11017975068576717,0.0014790899149078505,0.008197083361850478,0.0,15.54697869367796,0,12.57,Low
2025-10,Goa,10346,9958,388,5562,4026,2544,6601,1201,1046,0.6380243572395129,0.2458921322250145,0.11608351053547265,0.36197564276048716,0.5888364779874213,0.4624009278948386,0.2761596548004315,-0.9699980318663713,0.0,25.59897172236504,0,37.57,Medium
2025-10,Gujarat,190242,183055,7187,186192,119410,103524,84387,2331,103524,0.4435771280789731,0.5441700570851863,0.012252814835840667,0.5564228719210269,0.0,0.02128867442520579,0.35867276789550573,-1.2942304940394076,0.0,25.466750139120755,0,11.72,Low
2025-10,Himachal Pradesh,5664,4981,683,3076,1558,901,4709,54,901,0.8313912429378532,0.15907485875706215,0.009533898305084746,0.1686087570621469,0.0,0.4569209039548023,0.49349804941482445,-1.302720863821386,0.0,7.2821637426900585,0,27.88,Low
2025-10,Jammu & Kashmir,46090,33233,12857,0,0,4505,1661,39924,6020,0.0360381861575179,0.09774354523757865,0.8662182686049035,0.9639618138424821,0.0,1.0,0.0,1.372450296458645,0.0,2.5846165811168142,1,52.56,Medium
2025-10,Jharkhand,110756,107032,3724,71636,65731,62051,20598,28107,61970,0.18597638051211673,0.560249557586045,0.25377406190183827,0.8140236194878833,0.001305377834362057,0.353208855502185,0.08243062147523592,-0.5400312846856735,0.0,28.733422818791947,0,16.32,Low
2025-10,Karnataka,295176,289236,5940,154073,18303,16700,16097,262379,16700,0.054533566414613655,0.05657641542672846,0.8888900181586579,0.9454664335853864,0.0,0.4780300566441716,0.8812056622510109,1.4432474449324393,0.0,48.684733209897324,0,30.76,Medium
2025-10,Kerala,45469,44455,1014,40503,31109,30103,2402,12964,29704,0.052827200950097866,0.662055466361697,0.28511733268820516,0.9471727990499021,0.013254492907683619,0.1092172689084871,0.23193343702935584,-0.44215554773579624,0.0,43.79802955665025,0,10.35,Low
2025-10,Madhya Pradesh,627513,585326,42187,627513,627513,305106,0,322407,294877,0.0,0.4862146282228416,0.5137853717771584,1.0,0.03352605324051313,0.0,0.0,0.2719069059009677,0.0,13.874229638759838,0,13.52,Low
2025-10,Maharashtra,409156,397897,11259,374165,174066,208681,27844,172631,208335,0.06805228323671167,0.5100279599956985,0.42191975676758986,0.9319477167632884,0.0016580330744054323,0.0855199483815464,0.534788128232197,-0.01496215861689841,0.0,35.33721136767318,0,13.57,Low
2025-10,Odisha,769388,732751,36637,581801,499831,484075,138973,146340,473640,0.1806279796409614,0.6291688978772739,0.1902031224817647,0.8193720203590387,0.021556576976708156,0.24381326456872215,0.1408900981607113,-0.7385444707135355,-0.0006615611404738791,19.99975435340357,0,13.36,Low
2025-10,Rajasthan,118375,113162,5213,76333,63849,51766,688,65921,51766,0.005812038014783527,0.4373051742344245,0.556882787750792,0.9941879619852165,0.0,0.3551594508975713,0.16354656570552709,0.4064873515030122,0.0,21.70349060222478,0,19.39,Low
2025-10,Tamil Nadu,34667,33119,1548,27582,16972,16568,5388,12711,16508,0.1554215824847838,0.477918481553062,0.36665993596215424,0.8445784175152162,0.0036214389183969096,0.20437303487466466,0.38467116235225873,-0.1875221866342265,0.0,21.38089089735313,0,16.19,Low
2025-10,Telangana,655249,651822,3427,231456,231456,231456,329367,94426,231456,0.5026592944056382,0.35323365621313424,0.1441070493812276,0.49734070559436183,0.0,0.6467663437868657,0.0,-0.8824888329966477,0.0,190.14644107351225,0,25.87,Low
2025-10,Tripura,200721,200557,164,153257,136437,131793,80,68848,128032,0.00039856317973704794,0.6565979643385595,0.3430034724817035,0.9996014368202629,0.028537175722534582,0.23646753453799055,0.10975028873069419,-0.26139430459404334,0.0,1215.4969696969697,0,12.7,Low
2025-10,Uttar Pradesh,94166,92972,1194,83646,23479,18910,4520,70736,23430,0.04800033982541469,0.20081558099526367,0.7511840791793216,0.9519996601745853,0.0,0.11171760508038996,0.7193051670133659,1.0132326468010393,0.0,77.80083682008369,1,36.66,Medium
2025-10,Uttarakhand,6678,3587,3091,0,0,0,185,6493,185,0.027702905061395628,0.0,0.9722970949386044,0.9722970949386044,0.0,1.0,0.0,1.703703003712957,0.0,1.160090556274256,1,55.0,High
2025-10,West Bengal,142081,131962,10119,52610,51897,45130,364,96587,45130,0.0025619189054131093,0.3176357148387188,0.6798023662558681,0.9974380810945869,0.0,0.629718259302792,0.013552556548184757,0.7903287321219604,0.0,13.039723320158103,0,26.5,Low
2025-11,Andhra Pradesh,288409,285115,3294,272093,231555,228489,1525,58395,228489,0.005287629720293056,0.7922394932196984,0.20247287706000852,0.9947123702797069,0.0,0.056572437059869835,0.14898582469964314,-0.7276114914668167,0.0,86.52959028831563,0,6.04,Low
2025-11,Assam,188512,180965,7547,105737,81141,89890,82243,16379,87436,0.436274613817688,0.4768396706840944,0.08688571549821762,0.563725386182312,0.027300033374123928,0.43909671532846717,0.23261488409922731,-1.095068857942226,-0.46943765281173594,23.975225225225227,0,20.21,Low
2025-11,Bihar,4696,4696,0,4696,4696,200,0,4496,191,0.0,0.04258943781942078,0.9574105621805792,1.0,0.045,0.0,0.0,1.6723731597623734,0.0,4696.0,0,24.84,Low
2025-11,Chhattisgarh,947479,890220,57259,843086,841839,534521,6171,406787,534068,0.0065130731129660925,0.564150762180481,0.42933616470655284,0.9934869268870339,0.0008474877507151263,0.11017975068576717,0.0014790899149078505,-0.0064017558683846535,0.0,15.54697869367796,0,12.57,Low
2025-11,Goa,10346,9958,388,5658,4648,2999,6057,1290,1047,0.5854436497196984,0.2898704813454475,0.12468586893485405,0.4145563502803016,0.6508836278759587,0.45312197950898897,0.17850830682219865,-0.9749002799919189,-0.08241175579457657,25.59897172236504,0,37.57,Medium
2025-11,Gujarat,190242,183055,7187,186192,119410,103524,84387,2331,103524,0.4435771280789731,0.5441700570851863,0.012252814835840667,0.5564228719210269,0.0,0.02128867442520579,0.35867276789550573,-1.3323305811238033,0.0,25.466750139120755,0,11.72,Low
2025-11,Himachal Pradesh,6795,5931,864,3835,1875,1039,5701,55,1031,0.8389992641648271,0.152906548933039,0.008094186902133923,0.1610007358351729,0.007699711260827719,0.43561442236938924,0.5110821382007823,-1.345551067274889,0.21066043746018262,6.856647398843931,0,27.87,Low
2025-11,Jammu & Kashmir,46090,33233,12857,0,0,4505,1661,39924,6020,0.0360381861575179,0.09774354523757865,0.8662182686049035,0.9639618138424821,0.0,1.0,0.0,1.382468298466366,0.0,2.5846165811168142,1,52.56,Medium
2025-11,Jharkhand,110756,107032,3724,71636,65731,62051,20598,28107,61970,0.18597638051211673,0.560249557586045,0.25377406190183827,0.8140236194878833,0.001305377834362057,0.353208855502185,0.08243062147523592,-0.5645224595679796,0.0,28.733422818791947,0,16.32,Low
2025-11,Karnataka,295176,289236,5940,154073,18303,16700,16097,262379,16700,0.054533566414613655,0.05657641542672846,0.8888900181586579,0.9454664335853864,0.0,0.4780300566441716,0.8812056622510109,1.4545429239857328,0.0,48.684733209897324,0,30.76,Medium
2025-11,Kerala,45469,44455,1014,40503,31109,30103,2249,13117,29704,0.049462270997822695,0.662055466361697,0.2884822626404803,0.9505377290021773,0.013254492907683619,0.1092172689084871,0.23193343702935584,-0.45418335385593805,-0.0636969192339717,43.79802955665025,0,10.35,Low
2025-11,Madhya Pradesh,627513,585326,42187,627513,627513,305106,0,322407,294877,0.0,0.4862146282228416,0.5137853717771584,1.0,0.03352605324051313,0.0,0.0,0.2620664962437876,0.0,13.874229638759838,0,13.52,Low
2025-11,Maharashtra,409156,397897,11259,374165,174066,208681,27844,172631,208335,0.06805228323671167,0.5100279599956985,0.42191975676758986,0.9319477167632884,0.0016580330744054323,0.0855199483815464,0.534788128232197,-0.02997888755962185,0.0,35.33721136767318,0,13.57,Low
2025-11,Odisha,769388,732751,36637,581801,499831,484075,138973,146340,473640,0.1806279796409614,0.6291688978772739,0.1902031224817647,0.8193720203590387,0.021556576976708156,0.24381326456872215,0.1408900981607113,-0.7666176548131745,0.0,19.99975435340357,0,13.36,Low
2025-11,Rajasthan,118375,113162,5213,76333,63849,51766,688,65921,51766,0.005812038014783527,0.4373051742344245,0.556882787750792,0.9941879619852165,0.0,0.3551594508975713,0.16354656570552709,0.39907533668581835,0.0,21.70349060222478,0,19.39,Low
2025-11,Tamil Nadu,34667,33119,1548,27582,16972,16568,5388,12711,16508,0.1554215824847838,0.477918481553062,0.36665993596215424,0.8445784175152162,0.0036214389183969096,0.20437303487466466,0.38467116235225873,-0.20565262113610885,0.0,21.38089089735313,0,16.19,Low
2025-11,Telangana,655249,651822,3427,231456,231456,231456,329367,94426,231456,0.5026592944056382,0.35323365621313424,0.1441070493812276,0.49734070559436183,0.0,0.6467663437868657,0.0,-0.913159376207781,0.0,190.14644107351225,0,25.87,Low
2025-11,Tripura,200721,200557,164,153257,136437,131793,80,68848,128032,0.00039856317973704794,0.6565979643385595,0.3430034724817035,0.9996014368202629,0.028537175722534582,0.23646753453799055,0.10975028873069419,-0.28085770146850497,0.0,1215.4969696969697,0,12.7,Low
2025-11,Uttar Pradesh,94166,92972,1194,83646,23479,18910,4520,70736,23430,0.04800033982541469,0.20081558099526367,0.7511840791793216,0.9519996601745853,0.0,0.11171760508038996,0.7193051670133659,1.0167688580630232,0.0,77.80083682008369,1,36.66,Medium
2025-11,Uttarakhand,6678,3587,3091,0,0,0,185,6493,185,0.027702905061395628,0.0,0.9722970949386044,0.9722970949386044,0.0,1.0,0.0,1.7196981917927656,0.0,1.160090556274256,1,55.0,High
2025-11,West Bengal,142081,131962,10119,52610,51897,45130,364,96587,45130,0.0025619189054131093,0.3176357148387188,0.6798023662558681,0.9974380810945869,0.0,0.629718259302792,0.013552556548184757,0.7898428232772831,0.0,13.039723320158103,0,26.5,Low
2025-12,Andhra Pradesh,288409,285115,3294,272093,231555,228489,1525,58395,228489,0.005287629720293056,0.7922394932196984,0.20247287706000852,0.9947123702797069,0.0,0.056572437059869835,0.14898582469964314,-0.7275963634914887,0.0,86.52959028831563,0,6.04,Low
2025-12,Assam,188512,180965,7547,105737,81141,89890,82243,16379,87436,0.436274613817688,0.4768396706840944,0.08688571549821762,0.563725386182312,0.027300033374123928,0.43909671532846717,0.23261488409922731,-1.0950509078780972,0.0,23.975225225225227,0,20.21,Low
2025-12,Bihar,4696,4696,0,4696,4696,200,0,4496,191,0.0,0.04258943781942078,0.9574105621805792,1.0,0.045,0.0,0.0,1.6723698557496007,0.0,4696.0,0,24.84,Low
2025-12,Chhattisgarh,947479,890220,57259,843086,841839,534521,6171,406787,534068,0.0065130731129660925,0.564150762180481,0.42933616470655284,0.9934869268870339,0.0008474877507151263,0.11017975068576717,0.0014790899149078505,-0.006392166815673424,0.0,15.54697869367796,0,12.57,Low
2025-12,Goa,10346,9958,388,5658,4648,2999,6057,1290,1047,0.5854436497196984,0.2898704813454475,0.12468586893485405,0.4145563502803016,0.6508836278759587,0.45312197950898897,0.17850830682219865,-0.9748832528277751,0.0,25.59897172236504,0,37.57,Medium
2025-12,Gujarat,190242,183055,7187,186192,119410,103524,84387,2331,103524,0.4435771280789731,0.5441700570851863,0.012252814835840667,0.5564228719210269,0.0,0.02128867442520579,0.35867276789550573,-1.3323108088791633,0.0,25.466750139120755,0,11.72,Low
2025-12,Himachal Pradesh,6795,5931,864,3835,1875,1039,5701,55,1031,0.8389992641648271,0.152906548933039,0.008094186902133923,0.1610007358351729,0.007699711260827719,0.43561442236938924,0.5110821382007823,-1.3455311934963317,0.0,6.856647398843931,0,27.87,Low
2025-12,Jammu & Kashmir,46090,33233,12857,0,0,4505,1661,39924,6020,0.0360381861575179,0.09774354523757865,0.8662182686049035,0.9639618138424821,0.0,1.0,0.0,1.3824672209357298,0.0,2.5846165811168142,1,52.56,Medium
2025-12,Jharkhand,110756,107032,3724,71636,65731,62051,20598,28107,61970,0.18597638051211673,0.560249557586045,0.25377406190183827,0.8140236194878833,0.001305377834362057,0.353208855502185,0.08243062147523592,-0.5645085841236183,0.0,28.733422818791947,0,16.32,Low
2025-12,Karnataka,295176,289236,5940,154073,18303,16700,16097,262379,16700,0.054533566414613655,0.05657641542672846,0.8888900181586579,0.9454664335853864,0.0,0.4780300566441716,0.8812056622510109,1.45454129291879,0.0,48.684733209897324,0,30.76,Medium
2025-12,Kerala,45469,44455,1014,40503,31109,30103,2249,13117,29704,0.049462270997822695,0.662055466361697,0.2884822626404803,0.9505377290021773,0.013254492907683619,0.1092172689084871,0.23193343702935584,-0.454170325820781,0.0,43.79802955665025,0,10.35,Low
2025-12,Madhya Pradesh,627513,585326,42187,627513,627513,305106,0,322407,294877,0.0,0.4862146282228416,0.5137853717771584,1.0,0.03352605324051313,0.0,0.0,0.2620740234484675,0.0,13.874229638759838,0,13.52,Low
2025-12,Maharashtra,409156,397897,11259,374165,174066,208681,27844,172631,208335,0.06805228323671167,0.5100279599956985,0.42191975676758986,0.9319477167632884,0.0016580330744054323,0.0855199483815464,0.534788128232197,-0.02996911743349811,0.0,35.33721136767318,0,13.57,Low
2025-12,Odisha,769643,732866,36777,582060,500090,484334,138969,146340,473681,0.18056293632242482,0.629296959759265,0.19014010391831018,0.8194370636775752,0.021995152105778244,0.24372728654713938,0.1408274061093358,-0.7668025648946054,-2.8782569276046428e-05,19.926749687313066,0,13.36,Low
2025-12,Rajasthan,118375,113162,5213,76333,63849,51766,688,65921,51766,0.005812038014783527,0.4373051742344245,0.556882787750792,0.9941879619852165,0.0,0.3551594508975713,0.16354656570552709,0.3990818116565536,0.0,21.70349060222478,0,19.39,Low
2025-12,Tamil Nadu,34667,33119,1548,27582,16972,16568,5388,12711,16508,0.1554215824847838,0.477918481553062,0.36665993596215424,0.8445784175152162,0.0036214389183969096,0.20437303487466466,0.38467116235225873,-0.20564150182795377,0.0,21.38089089735313,0,16.19,Low
2025-12,Telangana,655249,651822,3427,231456,231456,231456,329367,94426,231456,0.5026592944056382,0.35323365621313424,0.1441070493812276,0.49734070559436183,0.0,0.6467663437868657,0.0,-0.9131428232165046,0.0,190.14644107351225,0,25.87,Low
2025-12,Tripura,200721,200557,164,153257,136437,131793,80,68848,128032,0.00039856317973704794,0.6565979643385595,0.3430034724817035,0.9996014368202629,0.028537175722534582,0.23646753453799055,0.10975028873069419,-0.280846004582012,0.0,1215.4969696969697,0,12.7,Low
2025-12,Uttar Pradesh,94166,92972,1194,83646,23479,18910,4520,70736,23430,0.04800033982541469,0.20081558099526367,0.7511840791793216,0.9519996601745853,0.0,0.11171760508038996,0.7193051670133659,1.016770589120238,0.0,77.80083682008369,1,36.66,Medium
2025-12,Uttarakhand,6678,3587,3091,0,0,0,185,6493,185,0.027702905061395628,0.0,0.9722970949386044,0.9722970949386044,0.0,1.0,0.0,1.719694524321657,0.0,1.160090556274256,1,55.0,High
2025-12,West Bengal,142081,131962,10119,52610,51897,45130,364,96587,45130,0.0025619189054131093,0.3176357148387188,0.6798023662558681,0.9974380810945869,0.0,0.629718259302792,0.013552556548184757,0.7898462971364657,0.0,13.039723320158103,0,26.5,Low
2026-01,Andhra Pradesh,288409,285115,3294,272093,231555,228489,1525,58395,228489,0.005287629720293056,0.7922394932196984,0.20247287706000852,0.9947123702797069,0.0,0.056572437059869835,0.14898582469964314,-0.7248710403207144,0.0,86.52959028831563,0,6.04,Low
2026-01,Assam,216644,208062,8582,105737,81141,89890,110375,16379,87436,0.5094763759901035,0.41492033012684404,0.07560329388305238,0.4905236240098964,0.027300033374123928,0.5119320175033696,0.23261488409922731,-1.1274508303950908,0.34205950658414697,24.24117441454037,0,22.85,Low
2026-01,Bihar,4696,4696,0,4696,4696,200,0,4496,191,0.0,0.04258943781942078,0.9574105621805792,1.0,0.045,0.0,0.0,1.670680731699907,0.0,4696.0,0,24.84,Low
2026-01,Chhattisgarh,947479,890220,57259,843086,841839,534521,6171,406787,534068,0.0065130731129660925,0.564150762180481,0.42933616470655284,0.9934869268870339,0.0008474877507151263,0.11017975068576717,0.0014790899149078505,-0.004993411425679018,0.0,15.54697869367796,0,12.57,Low
2026-01,Goa,10346,9958,388,5658,4648,2999,6057,1290,1047,0.5854436497196984,0.2898704813454475,0.12468586893485405,0.4145563502803016,0.6508836278759587,0.45312197950898897,0.17850830682219865,-0.9717030753709127,0.0,25.59897172236504,0,37.57,Medium
2026-01,Gujarat,190242,183055,7187,186192,119410,103524,84387,2331,103524,0.4435771280789731,0.5441700570851863,0.012252814835840667,0.5564228719210269,0.0,0.02128867442520579,0.35867276789550573,-1.3284731867180049,0.0,25.466750139120755,0,11.72,Low
2026-01,Himachal Pradesh,6795,5931,864,3835,1875,1039,5701,55,1031,0.8389992641648271,0.152906548933039,0.008094186902133923,0.1610007358351729,0.007699711260827719,0.43561442236938924,0.5110821382007823,-1.3416692540386799,0.0,6.856647398843931,0,27.87,Low
2026-01,Jammu & Kashmir,46090,33233,12857,0,0,4505,1661,39924,6020,0.0360381861575179,0.09774354523757865,0.8662182686049035,0.9639618138424821,0.0,1.0,0.0,1.3813113376750943,0.0,2.5846165811168142,1,52.56,Medium
2026-01,Jharkhand,110756,107032,3724,71636,65731,62051,20598,28107,61970,0.18597638051211673,0.560249557586045,0.25377406190183827,0.8140236194878833,0.001305377834362057,0.353208855502185,0.08243062147523592,-0.562083241172795,0.0,28.733422818791947,0,16.32,Low
2026-01,Karnataka,295176,289236,5940,154073,18303,16700,16097,262379,16700,0.054533566414613655,0.05657641542672846,0.8888900181586579,0.9454664335853864,0.0,0.4780300566441716,0.8812056622510109,1.4532528381310292,0.0,48.684733209897324,0,30.76,Medium
2026-01,Kerala,45473,44455,1018,40507,31113,30107,2152,13214,29706,0.047324786136828445,0.662085193411475,0.29059002045169663,0.9526752138631716,0.013319161656757564,0.10920766168935413,0.23191053398178094,-0.4452596456880028,-0.04313028012449978,43.6261040235525,0,10.35,Low
2026-01,Madhya Pradesh,627513,585326,42187,627513,627513,305106,0,322407,294877,0.0,0.4862146282228416,0.5137853717771584,1.0,0.03352605324051313,0.0,0.0,0.2629789677931648,0.0,13.874229638759838,0,13.52,Low
2026-01,Maharashtra,409156,397897,11259,374165,174066,208681,27844,172631,208335,0.06805228323671167,0.5100279599956985,0.42191975676758986,0.9319477167632884,0.0016580330744054323,0.0855199483815464,0.534788128232197,-0.028526995098049415,0.0,35.33721136767318,0,13.57,Low
2026-01,Odisha,769661,732866,36795,582144,500174,484448,138873,146340,473884,0.18043398327315532,0.6294303595998758,0.1901356571269689,0.8195660167268447,0.021806261972389194,0.2436358344777766,0.14080708553210203,-0.7640192371254363,-0.0006908015456684584,19.91700184802696,0,13.35,Low
2026-01,Rajasthan,118375,113162,5213,76333,63849,51766,688,65921,51766,0.005812038014783527,0.4373051742344245,0.556882787750792,0.9941879619852165,0.0,0.3551594508975713,0.16354656570552709,0.3997347467667089,0.0,21.70349060222478,0,19.39,Low
2026-01,Tamil Nadu,34667,33119,1548,27582,16972,16568,5388,12711,16508,0.1554215824847838,0.477918481553062,0.36665993596215424,0.8445784175152162,0.0036214389183969096,0.20437303487466466,0.38467116235225873,-0.20387625141562396,0.0,21.38089089735313,0,16.19,Low
2026-01,Telangana,655249,651822,3427,231456,231456,231456,329367,94426,231456,0.5026592944056382,0.35323365621313424,0.1441070493812276,0.49734070559436183,0.0,0.6467663437868657,0.0,-0.9100762098030454,0.0,190.14644107351225,0,25.87,Low
2026-01,Tripura,200721,200557,164,153257,136437,131793,80,68848,128032,0.00039856317973704794,0.6565979643385595,0.3430034724817035,0.9996014368202629,0.028537175722534582,0.23646753453799055,0.10975028873069419,-0.2789424245942541,0.0,1215.4969696969697,0,12.7,Low
2026-01,Uttar Pradesh,94166,92972,1194,83646,23479,18910,4520,70736,23430,0.04800033982541469,0.20081558099526367,0.7511840791793216,0.9519996601745853,0.0,0.11171760508038996,0.7193051670133659,1.0162873605273681,0.0,77.80083682008369,1,36.66,Medium
2026-01,Uttarakhand,6678,3587,3091,0,0,0,185,6493,185,0.027702905061395628,0.0,0.9722970949386044,0.9722970949386044,0.0,1.0,0.0,1.7179183522752197,0.0,1.160090556274256,1,55.0,High
2026-01,West Bengal,142081,131962,10119,52610,51897,45130,364,96587,45130,0.0025619189054131093,0.3176357148387188,0.6798023662558681,0.9974380810945869,0.0,0.629718259302792,0.013552556548184757,0.7897804682977977,0.0,13.039723320158103,0,26.5,Low
2026-02,Andhra Pradesh,288409,285115,3294,272093,231555,228489,1525,58395,228489,0.005287629720293056,0.7922394932196984,0.20247287706000852,0.9947123702797069,0.0,0.056572437059869835,0.14898582469964314,-0.6913234654537254,0.0,86.52959028831563,0,6.04,Low
2026-02,Assam,216644,208062,8582,105737,81141,89890,110375,16379,87436,0.5094763759901035,0.41492033012684404,0.07560329388305238,0.4905236240098964,0.027300033374123928,0.5119320175033696,0.23261488409922731,-1.092183862760483,0.0,24.24117441454037,0,22.85,Low
2026-02,Bihar,4696,4696,0,4696,4696,200,0,4496,191,0.0,0.04258943781942078,0.9574105621805792,1.0,0.045,0.0,0.0,1.6939970567803448,0.0,4696.0,0,24.84,Low
2026-02,Chhattisgarh,947479,890220,57259,843086,841839,534521,6171,406787,534068,0.0065130731129660925,0.564150762180481,0.42933616470655284,0.9934869268870339,0.0008474877507151263,0.11017975068576717,0.0014790899149078505,0.025479611714647434,0.0,15.54697869367796,0,12.57,Low
2026-02,Goa,10346,9958,388,5658,4648,2999,6057,1290,1047,0.5854436497196984,0.2898704813454475,0.12468586893485405,0.4145563502803016,0.6508836278759587,0.45312197950898897,0.17850830682219865,-0.9371012965266114,0.0,25.59897172236504,0,37.57,Medium
2026-02,Gujarat,190242,183055,7187,186192,119410,103524,84387,2331,103524,0.4435771280789731,0.5441700570851863,0.012252814835840667,0.5564228719210269,0.0,0.02128867442520579,0.35867276789550573,-1.2923476653404795,0.0,25.466750139120755,0,11.72,Low
2026-02,Himachal Pradesh,6795,5931,864,3835,1875,1039,5701,55,1031,0.8389992641648271,0.152906548933039,0.008094186902133923,0.1610007358351729,0.007699711260827719,0.43561442236938924,0.5110821382007823,-1.305487373094004,0.0,6.856647398843931,0,27.87,Low
2026-02,Jammu & Kashmir,46090,33233,12857,0,0,4505,1661,39924,6020,0.0360381861575179,0.09774354523757865,0.8662182686049035,0.9639618138424821,0.0,1.0,0.0,1.4058635410969769,0.0,2.5846165811168142,1,52.56,Medium
2026-02,Jharkhand,110756,107032,3724,71636,65731,62051,20598,28107,61970,0.18597638051211673,0.560249557586045,0.25377406190183827,0.8140236194878833,0.001305377834362057,0.353208855502185,0.08243062147523592,-0.529230922678362,0.0,28.733422818791947,0,16.32,Low
2026-02,Karnataka,295176,289236,5940,154073,18303,16700,16097,262379,16700,0.054533566414613655,0.05657641542672846,0.8888900181586579,0.9454664335853864,0.0,0.4780300566441716,0.8812056622510109,1.4774977839641672,0.0,48.684733209897324,0,30.76,Medium
2026-02,Kerala,45473,44455,1018,40507,31113,30107,2152,13214,29706,0.047324786136828445,0.662085193411475,0.29059002045169663,0.9526752138631716,0.013319161656757564,0.10920766168935413,0.23191053398178094,-0.4129062733655241,0.0,43.6261040235525,0,10.35,Low
2026-02,Madhya Pradesh,807405,766430,40975,601124,551223,289461,273457,244487,289461,0.3386862850737858,0.35850781206457727,0.302805902861637,0.6613137149262143,0.0,0.25548640397322286,0.08301282264557729,-0.37430865718615003,1.0,18.704363529871145,0,19.87,Low
2026-02,Maharashtra,409156,397897,11259,374165,174066,208681,27844,172631,208335,0.06805228323671167,0.5100279599956985,0.42191975676758986,0.9319477167632884,0.0016580330744054323,0.0855199483815464,0.534788128232197,0.002046538486566721,0.0,35.33721136767318,0,13.57,Low
2026-02,Odisha,769977,733158,36819,582159,500189,484481,139151,146345,473936,0.18072098257480418,0.6292148986268421,0.19006411879835372,0.8192790174251958,0.021765559433703282,0.24392676664367896,0.14080345747467615,-0.7305304971337501,0.002001829009238657,19.911950027159154,0,13.36,Low
2026-02,Rajasthan,118375,113162,5213,76333,63849,51766,688,65921,51766,0.005812038014783527,0.4373051742344245,0.556882787750792,0.9941879619852165,0.0,0.3551594508975713,0.16354656570552709,0.4284792015953497,0.0,21.70349060222478,0,19.39,Low
2026-02,Tamil Nadu,34667,33119,1548,27582,16972,16568,5388,12711,16508,0.1554215824847838,0.477918481553062,0.36665993596215424,0.8445784175152162,0.0036214389183969096,0.20437303487466466,0.38467116235225873,-0.17255381227103408,0.0,21.38089089735313,0,16.19,Low
2026-02,Telangana,655249,651822,3427,231456,231456,231456,329367,94426,231456,0.5026592944056382,0.35323365621313424,0.1441070493812276,0.49734070559436183,0.0,0.6467663437868657,0.0,-0.8757376353956307,0.0,190.14644107351225,0,25.87,Low
2026-02,Tripura,200721,200557,164,153257,136437,131793,80,68848,128032,0.00039856317973704794,0.6565979643385595,0.3430034724817035,0.9996014368202629,0.028537175722534582,0.23646753453799055,0.10975028873069419,-0.24729938258176493,0.0,1215.4969696969697,0,12.7,Low
2026-02,Uttar Pradesh,94166,92972,1194,83646,23479,18910,4520,70736,23430,0.04800033982541469,0.20081558099526367,0.7511840791793216,0.9519996601745853,0.0,0.11171760508038996,0.7193051670133659,1.0423985582201734,0.0,77.80083682008369,1,36.66,Medium
2026-02,Uttarakhand,6616,3525,3091,0,0,0,126,6490,84,0.0190447400241838,0.0,0.9809552599758162,0.9809552599758162,0.0,1.0,0.0,1.7683894893581522,-0.31891891891891894,1.1400388098318242,1,55.0,High
2026-02,West Bengal,142081,131962,10119,52610,51897,45130,364,96587,45130,0.0025619189054131093,0.3176357148387188,0.6798023662558681,0.9974380810945869,0.0,0.629718259302792,0.013552556548184757,0.81685906257115,0.0,13.039723320158103,0,26.5,Low
2026-03,Andhra Pradesh,288409,285115,3294,272093,231555,228489,1525,58395,228489,0.005287629720293056,0.7922394932196984,0.20247287706000852,0.9947123702797069,0.0,0.056572437059869835,0.14898582469964314,-0.6907129487950994,0.0,86.52959028831563,0,6.04,Low
2026-03,Assam,216644,208062,8582,105737,81141,89890,110375,16379,87436,0.5094763759901035,0.41492033012684404,0.07560329388305238,0.4905236240098964,0.027300033374123928,0.5119320175033696,0.23261488409922731,-1.0914346993942126,0.0,24.24117441454037,0,22.85,Low
2026-03,Bihar,4696,4696,0,4696,4696,200,0,4496,191,0.0,0.04258943781942078,0.9574105621805792,1.0,0.045,0.0,0.0,1.6937825559533164,0.0,4696.0,0,24.84,Low
2026-03,Chhattisgarh,947479,890220,57259,843086,841839,534521,6171,406787,534068,0.0065130731129660925,0.564150762180481,0.42933616470655284,0.9934869268870339,0.0008474877507151263,0.11017975068576717,0.0014790899149078505,0.025842205686606192,0.0,15.54697869367796,0,12.57,Low
2026-03,Goa,10346,9958,388,5658,4648,2999,6057,1290,1047,0.5854436497196984,0.2898704813454475,0.12468586893485405,0.4145563502803016,0.6508836278759587,0.45312197950898897,0.17850830682219865,-0.936405772001608,0.0,25.59897172236504,0,37.57,Medium
2026-03,Gujarat,190242,183055,7187,186192,119410,103524,84387,2331,103524,0.4435771280789731,0.5441700570851863,0.012252814835840667,0.5564228719210269,0.0,0.02128867442520579,0.35867276789550573,-1.2915292707595425,0.0,25.466750139120755,0,11.72,Low
2026-03,Himachal Pradesh,6795,5931,864,3835,1875,1039,5701,55,1031,0.8389992641648271,0.152906548933039,0.008094186902133923,0.1610007358351729,0.007699711260827719,0.43561442236938924,0.5110821382007823,-1.3046644338455675,0.0,6.856647398843931,0,27.87,Low
2026-03,Jammu & Kashmir,46090,33233,12857,0,0,4505,1661,39924,6020,0.0360381861575179,0.09774354523757865,0.8662182686049035,0.9639618138424821,0.0,1.0,0.0,1.4057486978155176,0.0,2.5846165811168142,1,52.56,Medium
2026-03,Jharkhand,110756,107032,3724,71636,65731,62051,20598,28107,61970,0.18597638051211673,0.560249557586045,0.25377406190183827,0.8140236194878833,0.001305377834362057,0.353208855502185,0.08243062147523592,-0.5286764694212107,0.0,28.733422818791947,0,16.32,Low
2026-03,Karnataka,295176,289236,5940,154427,18470,16700,15850,262626,16700,0.05369677751578719,0.05657641542672846,0.8897268070574843,0.9463032224842128,0.0,0.47683077214949726,0.8803965627772345,1.4800011896015537,-0.015344474125613468,48.684733209897324,0,30.74,Medium
2026-03,Kerala,45598,44580,1018,40632,31209,30203,2179,13216,29802,0.04778718364840563,0.6623755427869643,0.28983727356463,0.9522128163515944,0.013276826805284244,0.10890828545111628,0.2319108092144123,-0.41476962943747914,0.01254646840148699,43.74877330716389,0,10.34,Low
2026-03,Madhya Pradesh,807405,766430,40975,601124,551223,289461,273457,244487,289461,0.3386862850737858,0.35850781206457727,0.302805902861637,0.6613137149262143,0.0,0.25548640397322286,0.08301282264557729,-0.3738077873265996,0.0,18.704363529871145,0,19.87,Low
2026-03,Maharashtra,409156,397897,11259,374165,174066,208681,27844,172631,208335,0.06805228323671167,0.5100279599956985,0.42191975676758986,0.9319477167632884,0.0016580330744054323,0.0855199483815464,0.534788128232197,0.0024172373211531983,0.0,35.33721136767318,0,13.57,Low
2026-03,Odisha,769977,733158,36819,582159,500189,484481,139151,146345,473936,0.18072098257480418,0.6292148986268421,0.19006411879835372,0.8192790174251958,0.021765559433703282,0.24392676664367896,0.14080345747467615,-0.7299064198293346,0.0,19.911950027159154,0,13.36,Low
2026-03,Rajasthan,118375,113162,5213,76333,63849,51766,688,65921,51766,0.005812038014783527,0.4373051742344245,0.556882787750792,0.9941879619852165,0.0,0.3551594508975713,0.16354656570552709,0.42870240897114076,0.0,21.70349060222478,0,19.39,Low
2026-03,Tamil Nadu,34667,33119,1548,27582,16972,16568,5388,12711,16508,0.1554215824847838,0.477918481553062,0.36665993596215424,0.8445784175152162,0.0036214389183969096,0.20437303487466466,0.38467116235225873,-0.17212272392441613,0.0,21.38089089735313,0,16.19,Low
2026-03,Telangana,655249,651822,3427,231456,231456,231456,329367,94426,231456,0.5026592944056382,0.35323365621313424,0.1441070493812276,0.49734070559436183,0.0,0.6467663437868657,0.0,-0.8750633348918625,0.0,190.14644107351225,0,25.87,Low
2026-03,Tripura,201122,201055,67,153686,134761,132285,365,68472,131680,0.0018148188661608377,0.6577351060550313,0.34045007507880787,0.9981851811338391,0.00457345881997203,0.23585684311015204,0.1231406894577255,-0.25490743144161915,3.5625,2956.6911764705883,0,12.19,Low
2026-03,Uttar Pradesh,94166,92972,1194,83646,23479,18910,4520,70736,23430,0.04800033982541469,0.20081558099526367,0.7511840791793216,0.9519996601745853,0.0,0.11171760508038996,0.7193051670133659,1.0424094275896982,0.0,77.80083682008369,1,36.66,Medium
2026-03,Uttarakhand,6616,3525,3091,0,0,0,126,6490,84,0.0190447400241838,0.0,0.9809552599758162,0.9809552599758162,0.0,1.0,0.0,1.7681492582122402,0.0,1.1400388098318242,1,55.0,High
2026-03,West Bengal,142081,131962,10119,52610,51897,45130,364,96587,45130,0.0025619189054131093,0.3176357148387188,0.6798023662558681,0.9974380810945869,0.0,0.629718259302792,0.013552556548184757,0.8169479399173312,0.0,13.039723320158103,0,26.5,Low
2026-04,Andhra Pradesh,288409,285115,3294,272093,231555,228489,1525,58395,228489,0.005287629720293056,0.7922394932196984,0.20247287706000852,0.9947123702797069,0.0,0.056572437059869835,0.14898582469964314,-0.7034696141691964,0.0,86.52959028831563,0,6.04,Low
2026-04,Assam,216644,208062,8582,105737,81141,89890,110375,16379,87436,0.5094763759901035,0.41492033012684404,0.07560329388305238,0.4905236240098964,0.027300033374123928,0.5119320175033696,0.23261488409922731,-1.107036012992521,0.0,24.24117441454037,0,22.85,Low
2026-04,Bihar,4696,4696,0,4696,4696,200,0,4496,191,0.0,0.04258943781942078,0.9574105621805792,1.0,0.045,0.0,0.0,1.6979529750039632,0.0,4696.0,0,24.84,Low
2026-04,Chhattisgarh,947479,890220,57259,843086,841839,534521,6171,406787,534068,0.0065130731129660925,0.564150762180481,0.42933616470655284,0.9934869268870339,0.0008474877507151263,0.11017975068576717,0.0014790899149078505,0.018172230377868363,0.0,15.54697869367796,0,12.57,Low
2026-04,Goa,10346,9956,390,6358,5605,3459,5060,1827,1047,0.48907790450415617,0.33433210902764354,0.17658998646820026,0.5109220954958438,0.6973113616652211,0.38546298086216896,0.11843346964454231,-0.7858019170404446,-0.1646029387485554,25.462915601023017,0,36.37,Medium
2026-04,Gujarat,190242,183055,7187,186192,119410,103524,84387,2331,103524,0.4435771280789731,0.5441700570851863,0.012252814835840667,0.5564228719210269,0.0,0.02128867442520579,0.35867276789550573,-1.3085510180284907,0.0,25.466750139120755,0,11.72,Low
2026-04,Himachal Pradesh,6968,6100,868,4048,2120,1098,5814,56,1098,0.8343857634902411,0.15757749712973593,0.008036739380022962,0.1656142365097589,0.0,0.4190585533869116,0.4762845849802372,-1.3219621631293503,0.019821084020347306,7.019562715765248,0,27.35,Low
2026-04,Jammu & Kashmir,46090,33233,12857,0,0,4505,1661,39924,6020,0.0360381861575179,0.09774354523757865,0.8662182686049035,0.9639618138424821,0.0,1.0,0.0,1.407874418763705,0.0,2.5846165811168142,1,52.56,Medium
2026-04,Jharkhand,110756,107032,3724,71636,65731,62051,20598,28107,61970,0.18597638051211673,0.560249557586045,0.25377406190183827,0.8140236194878833,0.001305377834362057,0.353208855502185,0.08243062147523592,-0.5402828683507754,0.0,28.733422818791947,0,16.32,Low
2026-04,Karnataka,295176,289236,5940,154427,18470,16700,15850,262626,16700,0.05369677751578719,0.05657641542672846,0.8897268070574843,0.9463032224842128,0.0,0.47683077214949726,0.8803965627772345,1.4826540150021112,0.0,48.684733209897324,0,30.74,Medium
2026-04,Kerala,45598,44580,1018,40632,31209,30203,2179,13216,29802,0.04778718364840563,0.6623755427869643,0.28983727356463,0.9522128163515944,0.013276826805284244,0.10890828545111628,0.2319108092144123,-0.425567425166442,0.0,43.74877330716389,0,10.34,Low
2026-04,Madhya Pradesh,807405,766430,40975,601124,551223,289461,273457,244487,289461,0.3386862850737858,0.35850781206457727,0.302805902861637,0.6613137149262143,0.0,0.25548640397322286,0.08301282264557729,-0.38431480265433154,0.0,18.704363529871145,0,19.87,Low
2026-04,Maharashtra,409156,397897,11259,374165,174066,208681,27844,172631,208335,0.06805228323671167,0.5100279599956985,0.42191975676758986,0.9319477167632884,0.0016580330744054323,0.0855199483815464,0.534788128232197,-0.005419027425488527,0.0,35.33721136767318,0,13.57,Low
2026-04,Odisha,769977,733158,36819,582159,500189,484481,139151,146345,473936,0.18072098257480418,0.6292148986268421,0.19006411879835372,0.8192790174251958,0.021765559433703282,0.24392676664367896,0.14080345747467615,-0.7429413122714944,0.0,19.911950027159154,0,13.36,Low
2026-04,Rajasthan,118375,113162,5213,76333,63849,51766,688,65921,51766,0.005812038014783527,0.4373051742344245,0.556882787750792,0.9941879619852165,0.0,0.3551594508975713,0.16354656570552709,0.42389226235941124,0.0,21.70349060222478,0,19.39,Low
2026-04,Tamil Nadu,34667,33119,1548,27582,16972,16568,5388,12711,16508,0.1554215824847838,0.477918481553062,0.36665993596215424,0.8445784175152162,0.0036214389183969096,0.20437303487466466,0.38467116235225873,-0.181198014978137,0.0,21.38089089735313,0,16.19,Low
2026-04,Telangana,655249,651822,3427,231456,231456,231456,329367,94426,231456,0.5026592944056382,0.35323365621313424,0.1441070493812276,0.49734070559436183,0.0,0.6467663437868657,0.0,-0.8891286689310839,0.0,190.14644107351225,0,25.87,Low
2026-04,Tripura,201122,201055,67,153686,134761,132285,365,68472,131680,0.0018148188661608377,0.6577351060550313,0.34045007507880787,0.9981851811338391,0.00457345881997203,0.23585684311015204,0.1231406894577255,-0.26457039553998657,0.0,2956.6911764705883,0,12.19,Low
2026-04,Uttar Pradesh,94166,92972,1194,83646,23479,18910,4520,70736,23430,0.04800033982541469,0.20081558099526367,0.7511840791793216,0.9519996601745853,0.0,0.11171760508038996,0.7193051670133659,1.0419558715001682,0.0,77.80083682008369,1,36.66,Medium
2026-04,Uttarakhand,6616,3525,3091,0,0,0,126,6490,84,0.0190447400241838,0.0,0.9809552599758162,0.9809552599758162,0.0,1.0,0.0,1.7728475924738911,0.0,1.1400388098318242,1,55.0,High
2026-04,West Bengal,142081,131962,10119,52610,51897,45130,364,96587,45130,0.0025619189054131093,0.3176357148387188,0.6798023662558681,0.9974380810945869,0.0,0.629718259302792,0.013552556548184757,0.8148938751966217,0.0,13.039723320158103,0,26.5,Low
2026-05,Andhra Pradesh,288409,285115,3294,272093,231555,228489,1525,58395,228489,0.005287629720293056,0.7922394932196984,0.20247287706000852,0.9947123702797069,0.0,0.056572437059869835,0.14898582469964314,-0.7039170225323292,0.0,86.52959028831563,0,6.04,Low
2026-05,Assam,216644,208062,8582,105737,81141,89890,110375,16379,87436,0.5094763759901035,0.41492033012684404,0.07560329388305238,0.4905236240098964,0.027300033374123928,0.5119320175033696,0.23261488409922731,-1.1085947628924524,0.0,24.24117441454037,0,22.85,Low
2026-05,Bihar,4696,4696,0,4696,4696,200,0,4496,191,0.0,0.04258943781942078,0.9574105621805792,1.0,0.045,0.0,0.0,1.7041186064740188,0.0,4696.0,0,24.84,Low
2026-05,Chhattisgarh,947479,890220,57259,843086,841839,534521,6171,406787,534068,0.0065130731129660925,0.564150762180481,0.42933616470655284,0.9934869268870339,0.0008474877507151263,0.11017975068576717,0.0014790899149078505,0.019712080019553442,0.0,15.54697869367796,0,12.57,Low
2026-05,Goa,10346,9956,390,6358,5605,3459,5060,1827,1047,0.48907790450415617,0.33433210902764354,0.17658998646820026,0.5109220954958438,0.6973113616652211,0.38546298086216896,0.11843346964454231,-0.7864760521783235,0.0,25.462915601023017,0,36.37,Medium
2026-05,Gujarat,190242,183055,7187,186192,119410,103524,84387,2331,103524,0.4435771280789731,0.5441700570851863,0.012252814835840667,0.5564228719210269,0.0,0.02128867442520579,0.35867276789550573,-1.3106647001428922,0.0,25.466750139120755,0,11.72,Low
2026-05,Himachal Pradesh,6968,6100,868,4048,2120,1098,5814,56,1098,0.8343857634902411,0.15757749712973593,0.008036739380022962,0.1656142365097589,0.0,0.4190585533869116,0.4762845849802372,-1.3241127768680152,0.0,7.019562715765248,0,27.35,Low
2026-05,Jammu & Kashmir,46090,33233,12857,0,0,4505,1661,39924,6020,0.0360381861575179,0.09774354523757865,0.8662182686049035,0.9639618138424821,0.0,1.0,0.0,1.4132412316268979,0.0,2.5846165811168142,1,52.56,Medium
2026-05,Jharkhand,110756,107032,3724,71636,65731,62051,20598,28107,61970,0.18597638051211673,0.560249557586045,0.25377406190183827,0.8140236194878833,0.001305377834362057,0.353208855502185,0.08243062147523592,-0.5402808928964948,0.0,28.733422818791947,0,16.32,Low
2026-05,Karnataka,295176,289236,5940,154427,18470,16700,15850,262626,16700,0.05369677751578719,0.05657641542672846,0.8897268070574843,0.9463032224842128,0.0,0.47683077214949726,0.8803965627772345,1.4882267559892688,0.0,48.684733209897324,0,30.74,Medium
2026-05,Kerala,45598,44580,1018,40632,31209,30203,2179,13216,29807,0.04778718364840563,0.6623755427869643,0.28983727356463,0.9522128163515944,0.013111280336390425,0.10890828545111628,0.2319108092144123,-0.4252495462145096,0.0,43.74877330716389,0,10.34,Low
2026-05,Madhya Pradesh,807405,766430,40975,601124,551223,289461,273457,244487,289461,0.3386862850737858,0.35850781206457727,0.302805902861637,0.6613137149262143,0.0,0.25548640397322286,0.08301282264557729,-0.3838833221908926,0.0,18.704363529871145,0,19.87,Low
2026-05,Maharashtra,409156,397897,11259,374165,174066,208681,27844,172631,208335,0.06805228323671167,0.5100279599956985,0.42191975676758986,0.9319477167632884,0.0016580330744054323,0.0855199483815464,0.534788128232197,-0.003944143412207202,0.0,35.33721136767318,0,13.57,Low
2026-05,Odisha,769977,733158,36819,582159,500189,484481,139151,146345,473936,0.18072098257480418,0.6292148986268421,0.19006411879835372,0.8192790174251958,0.021765559433703282,0.24392676664367896,0.14080345747467615,-0.7434974178347831,0.0,19.911950027159154,0,13.36,Low
2026-05,Rajasthan,118375,113162,5213,76333,63849,51766,688,65921,51766,0.005812038014783527,0.4373051742344245,0.556882787750792,0.9941879619852165,0.0,0.3551594508975713,0.16354656570552709,0.42654938421495525,0.0,21.70349060222478,0,19.39,Low
2026-05,Tamil Nadu,34667,33119,1548,27582,16972,16568,5388,12711,16508,0.1554215824847838,0.477918481553062,0.36665993596215424,0.8445784175152162,0.0036214389183969096,0.20437303487466466,0.38467116235225873,-0.18020719130965462,0.0,21.38089089735313,0,16.19,Low
2026-05,Telangana,655249,651822,3427,231456,231456,231456,329367,94426,231456,0.5026592944056382,0.35323365621313424,0.1441070493812276,0.49734070559436183,0.0,0.6467663437868657,0.0,-0.8900873453775885,0.0,190.14644107351225,0,25.87,Low
2026-05,Tripura,201122,201055,67,153686,134761,132285,365,68472,131680,0.0018148188661608377,0.6577351060550313,0.34045007507880787,0.9981851811338391,0.00457345881997203,0.23585684311015204,0.1231406894577255,-0.2638091628131939,0.0,2956.6911764705883,0,12.19,Low
2026-05,Uttar Pradesh,94166,92972,1194,83646,23479,18910,4520,70736,23430,0.04800033982541469,0.20081558099526367,0.7511840791793216,0.9519996601745853,0.0,0.11171760508038996,0.7193051670133659,1.0463150175163574,0.0,77.80083682008369,1,36.66,Medium
2026-05,Uttarakhand,6897,3795,3102,0,0,0,199,6698,84,0.02885312454690445,0.0,0.9711468754530955,0.9711468754530955,0.0,1.0,0.0,1.7479335231530415,0.5793650793650794,1.223009990331937,1,55.0,High
2026-05,West Bengal,142081,131962,10119,52610,51897,45130,364,96587,45130,0.0025619189054131093,0.3176357148387188,0.6798023662558681,0.9974380810945869,0.0,0.629718259302792,0.013552556548184757,0.8186277376692445,0.0,13.039723320158103,0,26.5,Low
2026-06,Andhra Pradesh,288409,285115,3294,272093,231555,228489,1525,58395,228489,0.005287629720293056,0.7922394932196984,0.20247287706000852,0.9947123702797069,0.0,0.056572437059869835,0.14898582469964314,-0.7056896795156195,0.0,86.52959028831563,0,6.04,Low
2026-06,Assam,216644,208062,8582,105737,81141,89890,110375,16379,87436,0.5094763759901035,0.41492033012684404,0.07560329388305238,0.4905236240098964,0.027300033374123928,0.5119320175033696,0.23261488409922731,-1.1111889271390365,0.0,24.24117441454037,0,22.85,Low
2026-06,Bihar,4696,4696,0,4696,4696,200,0,4496,191,0.0,0.04258943781942078,0.9574105621805792,1.0,0.045,0.0,0.0,1.7072343299530162,0.0,4696.0,0,24.84,Low
2026-06,Chhattisgarh,947479,890220,57259,843086,841839,534521,6171,406787,534068,0.0065130731129660925,0.564150762180481,0.42933616470655284,0.9934869268870339,0.0008474877507151263,0.11017975068576717,0.0014790899149078505,0.01940841058954009,0.0,15.54697869367796,0,12.57,Low
2026-06,Goa,10377,9978,399,6519,5880,3743,4733,1901,1270,0.4561048472583598,0.360701551508143,0.18319360123349715,0.5438951527416401,0.6606999732834624,0.37178375252963286,0.0980211688909342,-0.7673099012158091,-0.06462450592885376,24.945,0,34.77,Medium
2026-06,Gujarat,190242,183055,7187,186192,119410,103524,84387,2331,103524,0.4435771280789731,0.5441700570851863,0.012252814835840667,0.5564228719210269,0.0,0.02128867442520579,0.35867276789550573,-1.3136690720796667,0.0,25.466750139120755,0,11.72,Low
2026-06,Himachal Pradesh,6968,6100,868,4048,2120,1098,5814,56,1098,0.8343857634902411,0.15757749712973593,0.008036739380022962,0.1656142365097589,0.0,0.4190585533869116,0.4762845849802372,-1.327144448781055,0.0,7.019562715765248,0,27.35,Low
2026-06,Jammu & Kashmir,46090,33233,12857,0,0,4505,1661,39924,6020,0.0360381861575179,0.09774354523757865,0.8662182686049035,0.9639618138424821,0.0,1.0,0.0,1.415766465804576,0.0,2.5846165811168142,1,52.56,Medium
2026-06,Jharkhand,110756,107032,3724,71636,65731,62051,20598,28107,61970,0.18597638051211673,0.560249557586045,0.25377406190183827,0.8140236194878833,0.001305377834362057,0.353208855502185,0.08243062147523592,-0.5417213639065376,0.0,28.733422818791947,0,16.32,Low
2026-06,Karnataka,295176,289236,5940,154427,18470,16700,15850,262626,16700,0.05369677751578719,0.05657641542672846,0.8897268070574843,0.9463032224842128,0.0,0.47683077214949726,0.8803965627772345,1.4909042129031191,0.0,48.684733209897324,0,30.74,Medium
2026-06,Kerala,45598,44580,1018,40632,31209,30203,2179,13216,29807,0.04778718364840563,0.6623755427869643,0.28983727356463,0.9522128163515944,0.013111280336390425,0.10890828545111628,0.2319108092144123,-0.42645650033597415,0.0,43.74877330716389,0,10.34,Low
2026-06,Madhya Pradesh,807405,766430,40975,601124,551223,289461,273457,244487,289461,0.3386862850737858,0.35850781206457727,0.302805902861637,0.6613137149262143,0.0,0.25548640397322286,0.08301282264557729,-0.38500630170713124,0.0,18.704363529871145,0,19.87,Low
2026-06,Maharashtra,409156,397897,11259,374165,174066,208681,27844,172631,208335,0.06805228323671167,0.5100279599956985,0.42191975676758986,0.9319477167632884,0.0016580330744054323,0.0855199483815464,0.534788128232197,-0.004295835645140231,0.0,35.33721136767318,0,13.57,Low
2026-06,Odisha,769977,733158,36819,582159,500189,484481,139151,146345,473936,0.18072098257480418,0.6292148986268421,0.19006411879835372,0.8192790174251958,0.021765559433703282,0.24392676664367896,0.14080345747467615,-0.7453504241404652,0.0,19.911950027159154,0,13.36,Low
2026-06,Rajasthan,118375,113162,5213,76333,63849,51766,688,65921,51766,0.005812038014783527,0.4373051742344245,0.556882787750792,0.9941879619852165,0.0,0.3551594508975713,0.16354656570552709,0.4270716060239263,0.0,21.70349060222478,0,19.39,Low
2026-06,Tamil Nadu,34667,33119,1548,27582,16972,16568,5388,12711,16508,0.1554215824847838,0.477918481553062,0.36665993596215424,0.8445784175152162,0.0036214389183969096,0.20437303487466466,0.38467116235225873,-0.1809167025171851,0.0,21.38089089735313,0,16.19,Low
2026-06,Telangana,655249,651822,3427,231456,231456,231456,329367,94426,231456,0.5026592944056382,0.35323365621313424,0.1441070493812276,0.49734070559436183,0.0,0.6467663437868657,0.0,-0.8922379333839467,0.0,190.14644107351225,0,25.87,Low
2026-06,Tripura,201122,201055,67,153686,134761,132285,365,68472,131680,0.0018148188661608377,0.6577351060550313,0.34045007507880787,0.9981851811338391,0.00457345881997203,0.23585684311015204,0.1231406894577255,-0.26468838838839565,0.0,2956.6911764705883,0,12.19,Low
2026-06,Uttar Pradesh,94166,92972,1194,83646,23479,18910,4520,70736,23430,0.04800033982541469,0.20081558099526367,0.7511840791793216,0.9519996601745853,0.0,0.11171760508038996,0.7193051670133659,1.0480953810972082,0.0,77.80083682008369,1,36.66,Medium
2026-06,Uttarakhand,6928,3809,3119,0,0,0,230,6698,84,0.033198614318706694,0.0,0.9668013856812933,0.9668013856812933,0.0,1.0,0.0,1.737249182754988,0.15577889447236182,1.2208333333333334,1,55.0,High
2026-06,West Bengal,142081,131962,10119,52610,51897,45130,364,96587,45130,0.0025619189054131093,0.3176357148387188,0.6798023662558681,0.9974380810945869,0.0,0.629718259302792,0.013552556548184757,0.8199458896295907,0.0,13.039723320158103,0,26.5,Low
